<?xml version="1.0" encoding="UTF-8"?>
   <introContent>
      <page alt-style="css/root_swt.properties" style="css/root.css" id="root" style-id="page">
         <title style-id="intro-header">Welcome to Eclipse Platform</title>
         <group id="links-background">
            <group id="page-links">
               <link label="Overview" url="http://org.eclipse.ui.intro/showPage?id=overview" id="overview" style-id="left">
                  <text>Find out what Eclipse is all about</text>
               </link>
               <link label="Tutorials" url="http://org.eclipse.ui.intro/showPage?id=tutorials" id="tutorials" style-id="left">
                  <text>Let us guide you through Eclipse end-to-end tutorials</text>
               </link>
               <link label="Samples" url="http://org.eclipse.ui.intro/showPage?id=samples" id="samples" style-id="right">
                  <text>Explore Eclipse development through code samples</text>
               </link>
               <link label="Whats New" url="http://org.eclipse.ui.intro/showPage?id=news" id="news" style-id="right">
                  <text>Find out what is new in this release</text>
               </link>
            </group>
         </group>
         </page>
         </introContent>