[{
	"input_data": [{
		"in_data_object": CPEEP_flgActrPosErrStr,
		"in_description": "",
		"in_data_type": boolean,
		"in_min": 0,
		"in_max": 1,
		"in_unit": UnitlessUnits,
		"in_initial_value": ""
	}, {
		"in_data_object": "CPEEP_flgLrnSucessStr",
		"in_description": "",
		"in_data_type": boolean,
		"in_min": 0,
		"in_max": 1,
		"in_unit": "OnOff",
		"in_initial_value": ""
	}, {
		"in_data_object": "CPEEP_nrActrPosnFltCntStr",
		"in_description": "",
		"in_data_type": "fixdt(0,8,1.00000000,-0.00000000)",
		"in_min": 0,
		"in_max": 127,
		"in_unit": "UnitlessUnits",
		"in_initial_value": ""
	}, {
		"in_data_object": "CPEEP_posShft2HLrnStr",
		"in_description": "",
		"in_data_type": "fixdt(1,16,0.00781250,-0.00000000)",
		"in_min": "-256",
		"in_max": "255.99",
		"in_unit": "Degrees",
		"in_initial_value": ""
	}, {
		"in_data_object": "CPEEP_posShft4HLrnStr",
		"in_description": "",
		"in_data_type": "fixdt(1,16,0.00781250,-0.00000000)",
		"in_min": "-256",
		"in_max": "255.99",
		"in_unit": "Degrees",
		"in_initial_value": ""
	}, {
		"in_data_object": "CPEEP_posShft4LLrnStr",
		"in_description": "",
		"in_data_type": "fixdt(1,16,0.00781250,-0.00000000)",
		"in_min": "-256",
		"in_max": "255.99",
		"in_unit": "Degrees",
		"in_initial_value": ""
	}, {
		"in_data_object": "CPEEP_posShftNtrlLrnStr",
		"in_description": "",
		"in_data_type": "fixdt(1,16,0.00781250,-0.00000000)",
		"in_min": "-256",
		"in_max": "255.99",
		"in_unit": "Degrees",
		"in_initial_value": ""
	}, {
		"in_data_object": "CPEEP_posXfrCaseStr",
		"in_description": "",
		"in_data_type": "fixdt(1,16,0.00781250,-0.00000000)",
		"in_min": "-256",
		"in_max": "255.99",
		"in_unit": "Degrees",
		"in_initial_value": ""
	}, {
		"in_data_object": "SBIOP_flgActrPosnDutySIU",
		"in_description": "",
		"in_data_type": "boolean",
		"in_min": "0",
		"in_max": "1",
		"in_unit": "UnitlessUnits",
		"in_initial_value": ""
	}, {
		"in_data_object": "SBIOP_flgActrPosnFreqOOR",
		"in_description": "",
		"in_data_type": "boolean",
		"in_min": "0",
		"in_max": "1",
		"in_unit": "UnitlessUnits",
		"in_initial_value": ""
	}, {
		"in_data_object": "SBIOP_flgPosnSnsrVrefSG",
		"in_description": "",
		"in_data_type": "boolean",
		"in_min": "0",
		"in_max": "1",
		"in_unit": "UnitlessUnits",
		"in_initial_value": ""
	}, {
		"in_data_object": "SBIOP_flgPosnSnsrVrefSP",
		"in_description": "",
		"in_data_type": "boolean",
		"in_min": "0",
		"in_max": "1",
		"in_unit": "UnitlessUnits",
		"in_initial_value": ""
	}, {
		"in_data_object": "SBIOP_percActrPosnDuty",
		"in_description": "",
		"in_data_type": "fixdt(0,32,0.00100000,-0.00000000)",
		"in_min": "0",
		"in_max": "100",
		"in_unit": "Perc",
		"in_initial_value": ""
	}, {
		"in_data_object": "SBIOP_stPwrMode",
		"in_description": "",
		"in_data_type": "fixdt(0,8,1.00000000,-0.00000000)",
		"in_min": "0",
		"in_max": "3",
		"in_unit": "NoUnitU8",
		"in_initial_value": ""
	}, {
		"in_data_object": "TCCSS_agSetpoint",
		"in_description": "Position Control Setpoint",
		"in_data_type": "fixdt(1,16,0.00781250,-0.00000000)",
		"in_min": "-5",
		"in_max": "90",
		"in_unit": "Degrees",
		"in_initial_value": ""
	}, {
		"in_data_object": "TCCSS_flgActrHldActv",
		"in_description": "Controller position hold active after shift is complete",
		"in_data_type": "boolean",
		"in_min": "0",
		"in_max": "1",
		"in_unit": "OnOff",
		"in_initial_value": ""
	}, {
		"in_data_object": "TCCSS_stShft",
		"in_description": "Transfer Case Shift State",
		"in_data_type": "fixdt(0,8,1.00000000,-0.00000000)",
		"in_min": "0",
		"in_max": "16",
		"in_unit": "State",
		"in_initial_value": ""
	}, {
		"in_data_object": "TCDTE_flgServTstActv",
		"in_description": "stub missing component output",
		"in_data_type": "boolean",
		"in_min": "0",
		"in_max": "1",
		"in_unit": "",
		"in_initial_value": ""
	}, {
		"in_data_object": "TCMCP_iMotor",
		"in_description": "stub missing component output",
		"in_data_type": "fixdt(1,16,0.03125000,-0.00000000)",
		"in_min": "-10",
		"in_max": "10",
		"in_unit": "",
		"in_initial_value": ""
	}]
}, {
	"output_data": [{
		"out_data_object": null,
		"out_description": null,
		"out_data_type": null,
		"out_min": null,
		"out_max": null,
		"out_unit": null,
		"out_initial_value": null
	}, {
		"out_data_object": null,
		"out_description": null,
		"out_data_type": null,
		"out_min": null,
		"out_max": null,
		"out_unit": null,
		"out_initial_value": null
	}, {
		"out_data_object": null,
		"out_description": null,
		"out_data_type": null,
		"out_min": null,
		"out_max": null,
		"out_unit": null,
		"out_initial_value": null
	}, {
		"out_data_object": null,
		"out_description": null,
		"out_data_type": null,
		"out_min": null,
		"out_max": null,
		"out_unit": null,
		"out_initial_value": null
	}, {
		"out_data_object": null,
		"out_description": null,
		"out_data_type": null,
		"out_min": null,
		"out_max": null,
		"out_unit": null,
		"out_initial_value": null
	}, {
		"out_data_object": null,
		"out_description": null,
		"out_data_type": null,
		"out_min": null,
		"out_max": null,
		"out_unit": null,
		"out_initial_value": null
	}, {
		"out_data_object": null,
		"out_description": null,
		"out_data_type": null,
		"out_min": null,
		"out_max": null,
		"out_unit": null,
		"out_initial_value": null
	}, {
		"out_data_object": null,
		"out_description": null,
		"out_data_type": null,
		"out_min": null,
		"out_max": null,
		"out_unit": null,
		"out_initial_value": null
	}, {
		"out_data_object": null,
		"out_description": null,
		"out_data_type": null,
		"out_min": null,
		"out_max": null,
		"out_unit": null,
		"out_initial_value": null
	}, {
		"out_data_object": null,
		"out_description": null,
		"out_data_type": null,
		"out_min": null,
		"out_max": null,
		"out_unit": null,
		"out_initial_value": null
	}, {
		"out_data_object": null,
		"out_description": null,
		"out_data_type": null,
		"out_min": null,
		"out_max": null,
		"out_unit": null,
		"out_initial_value": null
	}, {
		"out_data_object": null,
		"out_description": null,
		"out_data_type": null,
		"out_min": null,
		"out_max": null,
		"out_unit": null,
		"out_initial_value": null
	}, {
		"out_data_object": null,
		"out_description": null,
		"out_data_type": null,
		"out_min": null,
		"out_max": null,
		"out_unit": null,
		"out_initial_value": null
	}, {
		"out_data_object": null,
		"out_description": null,
		"out_data_type": null,
		"out_min": null,
		"out_max": null,
		"out_unit": null,
		"out_initial_value": null
	}, {
		"out_data_object": null,
		"out_description": null,
		"out_data_type": null,
		"out_min": null,
		"out_max": null,
		"out_unit": null,
		"out_initial_value": null
	}, {
		"out_data_object": null,
		"out_description": null,
		"out_data_type": null,
		"out_min": null,
		"out_max": null,
		"out_unit": null,
		"out_initial_value": null
	}, {
		"out_data_object": null,
		"out_description": null,
		"out_data_type": null,
		"out_min": null,
		"out_max": null,
		"out_unit": null,
		"out_initial_value": null
	}, {
		"out_data_object": null,
		"out_description": null,
		"out_data_type": null,
		"out_min": null,
		"out_max": null,
		"out_unit": null,
		"out_initial_value": null
	}, {
		"out_data_object": null,
		"out_description": null,
		"out_data_type": null,
		"out_min": null,
		"out_max": null,
		"out_unit": null,
		"out_initial_value": null
	}, {
		"out_data_object": null,
		"out_description": null,
		"out_data_type": null,
		"out_min": null,
		"out_max": null,
		"out_unit": null,
		"out_initial_value": null
	}, {
		"out_data_object": null,
		"out_description": null,
		"out_data_type": null,
		"out_min": null,
		"out_max": null,
		"out_unit": null,
		"out_initial_value": null
	}, {
		"out_data_object": null,
		"out_description": null,
		"out_data_type": null,
		"out_min": null,
		"out_max": null,
		"out_unit": null,
		"out_initial_value": null
	}, {
		"out_data_object": null,
		"out_description": null,
		"out_data_type": null,
		"out_min": null,
		"out_max": null,
		"out_unit": null,
		"out_initial_value": null
	}, {
		"out_data_object": "TCMPP_agActuatorPosn",
		"out_description": "Actuator position for NVM storage and control feedback",
		"out_data_type": "fixdt(1,16,0.00781250,-0.00000000)",
		"out_min": "-5",
		"out_max": "95",
		"out_unit": "Degrees",
		"out_initial_value": ""
	}, {
		"out_data_object": null,
		"out_description": null,
		"out_data_type": null,
		"out_min": null,
		"out_max": null,
		"out_unit": null,
		"out_initial_value": null
	}, {
		"out_data_object": null,
		"out_description": null,
		"out_data_type": null,
		"out_min": null,
		"out_max": null,
		"out_unit": null,
		"out_initial_value": null
	}, {
		"out_data_object": null,
		"out_description": null,
		"out_data_type": null,
		"out_min": null,
		"out_max": null,
		"out_unit": null,
		"out_initial_value": null
	}, {
		"out_data_object": null,
		"out_description": null,
		"out_data_type": null,
		"out_min": null,
		"out_max": null,
		"out_unit": null,
		"out_initial_value": null
	}, {
		"out_data_object": null,
		"out_description": null,
		"out_data_type": null,
		"out_min": null,
		"out_max": null,
		"out_unit": null,
		"out_initial_value": null
	}, {
		"out_data_object": null,
		"out_description": null,
		"out_data_type": null,
		"out_min": null,
		"out_max": null,
		"out_unit": null,
		"out_initial_value": null
	}, {
		"out_data_object": null,
		"out_description": null,
		"out_data_type": null,
		"out_min": null,
		"out_max": null,
		"out_unit": null,
		"out_initial_value": null
	}, {
		"out_data_object": null,
		"out_description": null,
		"out_data_type": null,
		"out_min": null,
		"out_max": null,
		"out_unit": null,
		"out_initial_value": null
	}, {
		"out_data_object": "TCMPP_flgActrStrPosErr",
		"out_description": "Fault flag indicating a mismatch between intialized actuator position and NVM stored actuator position",
		"out_data_type": "boolean",
		"out_min": "0",
		"out_max": "1",
		"out_unit": "OnOff",
		"out_initial_value": ""
	}, {
		"out_data_object": "TCMPP_flgActuatorDutyOOR",
		"out_description": "Fault flag indicating electrical out of range for the position sensor PWN input",
		"out_data_type": "boolean",
		"out_min": "0",
		"out_max": "1",
		"out_unit": "OnOff",
		"out_initial_value": ""
	}, {
		"out_data_object": "TCMPP_flgActuatorPosnUnk",
		"out_description": "Flag indicating a fault related to the position sensor",
		"out_data_type": "boolean",
		"out_min": "0",
		"out_max": "1",
		"out_unit": "OnOff",
		"out_initial_value": ""
	}, {
		"out_data_object": null,
		"out_description": null,
		"out_data_type": null,
		"out_min": null,
		"out_max": null,
		"out_unit": null,
		"out_initial_value": null
	}, {
		"out_data_object": "TCMPP_flgDetentPosnValid",
		"out_description": "Flag indicating the motor position is in the range of a valid detent when shifting is not in progress",
		"out_data_type": "boolean",
		"out_min": "0",
		"out_max": "1",
		"out_unit": "OnOff",
		"out_initial_value": ""
	}, {
		"out_data_object": null,
		"out_description": null,
		"out_data_type": null,
		"out_min": null,
		"out_max": null,
		"out_unit": null,
		"out_initial_value": null
	}, {
		"out_data_object": null,
		"out_description": null,
		"out_data_type": null,
		"out_min": null,
		"out_max": null,
		"out_unit": null,
		"out_initial_value": null
	}, {
		"out_data_object": null,
		"out_description": null,
		"out_data_type": null,
		"out_min": null,
		"out_max": null,
		"out_unit": null,
		"out_initial_value": null
	}, {
		"out_data_object": null,
		"out_description": null,
		"out_data_type": null,
		"out_min": null,
		"out_max": null,
		"out_unit": null,
		"out_initial_value": null
	}, {
		"out_data_object": "TCMPP_flgInvalidDetentPosn",
		"out_description": "Fault flag indicating the motor position is not in the range of a valid detent when shifting is not in progress",
		"out_data_type": "boolean",
		"out_min": "0",
		"out_max": "1",
		"out_unit": "OnOff",
		"out_initial_value": ""
	}, {
		"out_data_object": "TCMPP_flgModeEn",
		"out_description": "TCMPP mode enable flag",
		"out_data_type": "boolean",
		"out_min": "0",
		"out_max": "1",
		"out_unit": "OnOff",
		"out_initial_value": ""
	}, {
		"out_data_object": null,
		"out_description": null,
		"out_data_type": null,
		"out_min": null,
		"out_max": null,
		"out_unit": null,
		"out_initial_value": null
	}, {
		"out_data_object": null,
		"out_description": null,
		"out_data_type": null,
		"out_min": null,
		"out_max": null,
		"out_unit": null,
		"out_initial_value": null
	}, {
		"out_data_object": null,
		"out_description": null,
		"out_data_type": null,
		"out_min": null,
		"out_max": null,
		"out_unit": null,
		"out_initial_value": null
	}, {
		"out_data_object": null,
		"out_description": null,
		"out_data_type": null,
		"out_min": null,
		"out_max": null,
		"out_unit": null,
		"out_initial_value": null
	}, {
		"out_data_object": null,
		"out_description": null,
		"out_data_type": null,
		"out_min": null,
		"out_max": null,
		"out_unit": null,
		"out_initial_value": null
	}, {
		"out_data_object": "TCMPP_flgPosnSnsrHldCurrFlt",
		"out_description": "Fault flag indicating the amount of motor current to hold the desired actuator position exceeds the limit",
		"out_data_type": "boolean",
		"out_min": "0",
		"out_max": "1",
		"out_unit": "OnOff",
		"out_initial_value": ""
	}, {
		"out_data_object": "TCMPP_flgPosnSnsrInactShftDev",
		"out_description": "Fault flag indicating the position sensor output has deviated beyond the limit while a shift is not in progress",
		"out_data_type": "boolean",
		"out_min": "0",
		"out_max": "1",
		"out_unit": "OnOff",
		"out_initial_value": ""
	}, {
		"out_data_object": "TCMPP_flgPosnSnsrPostHldDrift",
		"out_description": "Fault flag indicating the motor position has drifted too far from the set point when a shift has been completed",
		"out_data_type": "boolean",
		"out_min": "0",
		"out_max": "1",
		"out_unit": "OnOff",
		"out_initial_value": ""
	}, {
		"out_data_object": null,
		"out_description": null,
		"out_data_type": null,
		"out_min": null,
		"out_max": null,
		"out_unit": null,
		"out_initial_value": null
	}, {
		"out_data_object": null,
		"out_description": null,
		"out_data_type": null,
		"out_min": null,
		"out_max": null,
		"out_unit": null,
		"out_initial_value": null
	}, {
		"out_data_object": null,
		"out_description": null,
		"out_data_type": null,
		"out_min": null,
		"out_max": null,
		"out_unit": null,
		"out_initial_value": null
	}, {
		"out_data_object": null,
		"out_description": null,
		"out_data_type": null,
		"out_min": null,
		"out_max": null,
		"out_unit": null,
		"out_initial_value": null
	}, {
		"out_data_object": null,
		"out_description": null,
		"out_data_type": null,
		"out_min": null,
		"out_max": null,
		"out_unit": null,
		"out_initial_value": null
	}, {
		"out_data_object": "TCMPP_nrActrPosnFltCnt",
		"out_description": "Fault count of the number of position sensor related fault occurrences during the drive cycle",
		"out_data_type": "fixdt(0,8,1.00000000,-0.00000000)",
		"out_min": "0",
		"out_max": "255",
		"out_unit": "NoUnitU8",
		"out_initial_value": ""
	}]
}]