[
  
  [
    {
      "category": "Input",
      "Name": "ACOTP_tCACOTK",
      "Description": "CACOT temperature degree (Kevin)",
      "DataType": "single",
      "Min": "223.15",
      "Max": "473.15",
      "Unit": "Kelvin",
      "Complexity": "auto",
      "Dimensions": "-1",
      "DimensionsMode": "auto",
      "SampleTime": "-1",
      "SamplingMode": "auto",
      "InitialValue": ""
    },
    {
      "category": "Input",
      "Name": "AEGRP_posnEGRV",
      "Description": "EGR Valve Position",
      "DataType": "single",
      "Min": "0",
      "Max": "100",
      "Unit": "Perc",
      "Complexity": "auto",
      "Dimensions": "-1",
      "DimensionsMode": "auto",
      "SampleTime": "-1",
      "SamplingMode": "auto",
      "InitialValue": ""
    },
    {
      "category": "Input",
      "Name": "AEMPP_pExhManAbs",
      "Description": "Exhaust Manifold Pressure Absolute",
      "DataType": "single",
      "Min": "-8000",
      "Max": "8000",
      "Unit": "HPA",
      "Complexity": "auto",
      "Dimensions": "-1",
      "DimensionsMode": "auto",
      "SampleTime": "-1",
      "SamplingMode": "auto",
      "InitialValue": ""
    },
    {
      "category": "Input",
      "Name": "AEMTP_tExhManK",
      "Description": "Exhaust Manifold Temperature in Kelvin",
      "DataType": "single",
      "Min": "0",
      "Max": "2273",
      "Unit": "Kelvin",
      "Complexity": "auto",
      "Dimensions": "-1",
      "DimensionsMode": "auto",
      "SampleTime": "-1",
      "SamplingMode": "auto",
      "InitialValue": ""
    },
    {
      "category": "Input",
      "Name": "AEOCP_ratAFRAdap",
      "Description": "AFR derived from the adapted O2 concentrations",
      "DataType": "single",
      "Min": "0",
      "Max": "2200",
      "Unit": "Nounits",
      "Complexity": "auto",
      "Dimensions": "-1",
      "DimensionsMode": "auto",
      "SampleTime": "-1",
      "SamplingMode": "auto",
      "InitialValue": ""
    },
    {
      "category": "Input",
      "Name": "AIMFP_mfMafSignal",
      "Description": "MAF signal output after Rate of Change filtering",
      "DataType": "single",
      "Min": "0",
      "Max": "10000",
      "Unit": "KgPh",
      "Complexity": "auto",
      "Dimensions": "-1",
      "DimensionsMode": "auto",
      "SampleTime": "-1",
      "SamplingMode": "auto",
      "InitialValue": ""
    },
    {
      "category": "Input",
      "Name": "AIMPP_pIntManAbs",
      "Description": "Intake Manifold Pressure Absolute",
      "DataType": "single",
      "Min": "-8000",
      "Max": "8000",
      "Unit": "HPA",
      "Complexity": "auto",
      "Dimensions": "-1",
      "DimensionsMode": "auto",
      "SampleTime": "-1",
      "SamplingMode": "auto",
      "InitialValue": ""
    },
    {
      "category": "Input",
      "Name": "AIMTP_tIntManC",
      "Description": "Intake Manifold Temperature degree (Celsius)",
      "DataType": "single",
      "Min": "-50",
      "Max": "200",
      "Unit": "DegC",
      "Complexity": "auto",
      "Dimensions": "-1",
      "DimensionsMode": "auto",
      "SampleTime": "-1",
      "SamplingMode": "auto",
      "InitialValue": ""
    },
    {
      "category": "Input",
      "Name": "AIMTP_tIntManK",
      "Description": "Intake Manifold Temperature degree (Kelvin)",
      "DataType": "single",
      "Min": "0",
      "Max": "473.15",
      "Unit": "Kelvin",
      "Complexity": "auto",
      "Dimensions": "-1",
      "DimensionsMode": "auto",
      "SampleTime": "-1",
      "SamplingMode": "auto",
      "InitialValue": ""
    },
    {
      "category": "Input",
      "Name": "ECCTP_tEngCoolantC",
      "Description": "Engine Coolant Temperature in C",
      "DataType": "single",
      "Min": "-40",
      "Max": "150",
      "Unit": "DegC",
      "Complexity": "auto",
      "Dimensions": "-1",
      "DimensionsMode": "auto",
      "SampleTime": "-1",
      "SamplingMode": "auto",
      "InitialValue": ""
    },
    {
      "category": "Input",
      "Name": "ESSSC_nEngSpeed",
      "Description": "Engine Speed",
      "DataType": "single",
      "Min": "0",
      "Max": "8000",
      "Unit": "Rpm",
      "Complexity": "auto",
      "Dimensions": "-1",
      "DimensionsMode": "auto",
      "SampleTime": "-1",
      "SamplingMode": "auto",
      "InitialValue": ""
    },
    {
      "category": "Input",
      "Name": "FSICE_mfFuelInjTot",
      "Description": "Fuel system total fuel injection rate into the cylinder including late injection which does not contribute to torque",
      "DataType": "single",
      "Min": "0",
      "Max": "1000",
      "Unit": "KgPh",
      "Complexity": "auto",
      "Dimensions": "-1",
      "DimensionsMode": "auto",
      "SampleTime": "-1",
      "SamplingMode": "auto",
      "InitialValue": ""
    }
  ],
  [
    {
      "category": "Local",
      "Name": "AEAFM_facAirInManLmbdSnsFuelTrst",
      "Description": "Intake Manifold Air mass flow Fuel flow and Lambda sensor model fuel flow trust factor",
      "DataType": "single",
      "Min": "0",
      "Max": "2",
      "Unit": "Nounits",
      "Complexity": "auto",
      "Dimensions": "-1",
      "DimensionsMode": "auto",
      "SampleTime": "-1",
      "SamplingMode": "auto",
      "InitialValue": ""
    },
    {
      "category": "Local",
      "Name": "AEAFM_facAirInManLmbdSnsrLmdaSnsTrst",
      "Description": "Intake Manifold Air mass flow Fuel flow and Lambda sensor model lambda sensor trust factor",
      "DataType": "single",
      "Min": "0",
      "Max": "2",
      "Unit": "Nounits",
      "Complexity": "auto",
      "Dimensions": "-1",
      "DimensionsMode": "auto",
      "SampleTime": "-1",
      "SamplingMode": "auto",
      "InitialValue": ""
    },
    {
      "category": "Local",
      "Name": "AEAFM_facCylVolEffCoolTemp",
      "Description": "Coolant temperature factor of volumetric efficiency volumetric efficiency for cylinder speed density model",
      "DataType": "single",
      "Min": "0",
      "Max": "2",
      "Unit": "Nounits",
      "Complexity": "auto",
      "Dimensions": "-1",
      "DimensionsMode": "auto",
      "SampleTime": "-1",
      "SamplingMode": "auto",
      "InitialValue": ""
    },
    {
      "category": "Local",
      "Name": "AEAFM_facCylVolEffInOutPrsRtio",
      "Description": "Intake to exhaust manifold pressure ratio factor of volumetric efficiency volumetric efficiency for cylinder speed density model",
      "DataType": "single",
      "Min": "0",
      "Max": "2",
      "Unit": "Nounits",
      "Complexity": "auto",
      "Dimensions": "-1",
      "DimensionsMode": "auto",
      "SampleTime": "-1",
      "SamplingMode": "auto",
      "InitialValue": ""
    },
    {
      "category": "Local",
      "Name": "AEAFM_facCylVolEffInPrs",
      "Description": "Intake manifold pressure factor of volumetric efficiency volumetric efficiency for cylinder speed density model",
      "DataType": "single",
      "Min": "0",
      "Max": "2",
      "Unit": "Nounits",
      "Complexity": "auto",
      "Dimensions": "-1",
      "DimensionsMode": "auto",
      "SampleTime": "-1",
      "SamplingMode": "auto",
      "InitialValue": ""
    },
    {
      "category": "Local",
      "Name": "AEAFM_facCylVolEffInTemp",
      "Description": "Intake manifold temperature factor of volumetric efficiency for cylinder speed density model",
      "DataType": "single",
      "Min": "0",
      "Max": "2",
      "Unit": "Nounits",
      "Complexity": "auto",
      "Dimensions": "-1",
      "DimensionsMode": "auto",
      "SampleTime": "-1",
      "SamplingMode": "auto",
      "InitialValue": ""
    },
    {
      "category": "Local",
      "Name": "AEAFM_facEGRVlvPstnOnFlow",
      "Description": "EGR valve position flow model position factor",
      "DataType": "single",
      "Min": "0",
      "Max": "2",
      "Unit": "Nounits",
      "Complexity": "auto",
      "Dimensions": "-1",
      "DimensionsMode": "auto",
      "SampleTime": "-1",
      "SamplingMode": "auto",
      "InitialValue": ""
    },
    {
      "category": "Local",
      "Name": "AEAFM_facFlowMdlTrstCnfg0",
      "Description": "Flow configuration Trust Factor 0     Cylinder Speed Density and Intake Air Sensor and EGR Flow Venturi",
      "DataType": "single",
      "Min": "0",
      "Max": "2",
      "Unit": "Nounits",
      "Complexity": "auto",
      "Dimensions": "-1",
      "DimensionsMode": "auto",
      "SampleTime": "-1",
      "SamplingMode": "auto",
      "InitialValue": ""
    },
    {
      "category": "Local",
      "Name": "AEAFM_facFlowMdlTrstCnfg1",
      "Description": "Flow configuration Trust Factor 1    Cylinder Speed Density and Intake Air Sensor",
      "DataType": "single",
      "Min": "0",
      "Max": "2",
      "Unit": "Nounits",
      "Complexity": "auto",
      "Dimensions": "-1",
      "DimensionsMode": "auto",
      "SampleTime": "-1",
      "SamplingMode": "auto",
      "InitialValue": ""
    },
    {
      "category": "Local",
      "Name": "AEAFM_facFlowMdlTrstCnfg2",
      "Description": "Flow configuration Trust Factor 2    Cylinder Speed Density and Intake Air Via Fuel flow and Lambda Sensor",
      "DataType": "single",
      "Min": "0",
      "Max": "2",
      "Unit": "Nounits",
      "Complexity": "auto",
      "Dimensions": "-1",
      "DimensionsMode": "auto",
      "SampleTime": "-1",
      "SamplingMode": "auto",
      "InitialValue": ""
    },
    {
      "category": "Local",
      "Name": "AEAFM_facFlowMdlTrstCnfg3",
      "Description": "Flow configuration Trust Factor 3    Cylinder Speed Density and EGR Flow Venturi",
      "DataType": "single",
      "Min": "0",
      "Max": "2",
      "Unit": "Nounits",
      "Complexity": "auto",
      "Dimensions": "-1",
      "DimensionsMode": "auto",
      "SampleTime": "-1",
      "SamplingMode": "auto",
      "InitialValue": ""
    },
    {
      "category": "Local",
      "Name": "AEAFM_facFlowMdlTrstCnfg4",
      "Description": "Flow configuration Trust Factor 4    Cylinder Speed Density and EGR Valve Delta Pressure",
      "DataType": "single",
      "Min": "0",
      "Max": "2",
      "Unit": "Nounits",
      "Complexity": "auto",
      "Dimensions": "-1",
      "DimensionsMode": "auto",
      "SampleTime": "-1",
      "SamplingMode": "auto",
      "InitialValue": ""
    },
    {
      "category": "Local",
      "Name": "AEAFM_facFlwMdlCnfgSlew",
      "Description": "Flow Calculation Configuration State slew factor",
      "DataType": "single",
      "Min": "0",
      "Max": "2",
      "Unit": "Nounits",
      "Complexity": "auto",
      "Dimensions": "-1",
      "DimensionsMode": "auto",
      "SampleTime": "-1",
      "SamplingMode": "auto",
      "InitialValue": ""
    },
    {
      "category": "Local",
      "Name": "AEAFM_flgCylSpdDnstyTrnsntDtctn",
      "Description": "Flag indicating transient detection of Intake manifold cylinder speed density mass flow",
      "DataType": "boolean",
      "Min": "0",
      "Max": "1",
      "Unit": "OnOff",
      "Complexity": "auto",
      "Dimensions": "-1",
      "DimensionsMode": "auto",
      "SampleTime": "-1",
      "SamplingMode": "auto",
      "InitialValue": ""
    },
    {
      "category": "Local",
      "Name": "AEAFM_flgFlwMdlCnfgTransActv",
      "Description": "Flow Calculation Configuration State transition is occuring",
      "DataType": "boolean",
      "Min": "0",
      "Max": "1",
      "Unit": "OnOff",
      "Complexity": "auto",
      "Dimensions": "-1",
      "DimensionsMode": "auto",
      "SampleTime": "-1",
      "SamplingMode": "auto",
      "InitialValue": ""
    },
    {
      "category": "Local",
      "Name": "AEAFM_flgFuelTrnsntDtctn",
      "Description": "Flag indicating transient detection of fuel mass flow",
      "DataType": "boolean",
      "Min": "0",
      "Max": "1",
      "Unit": "OnOff",
      "Complexity": "auto",
      "Dimensions": "-1",
      "DimensionsMode": "auto",
      "SampleTime": "-1",
      "SamplingMode": "auto",
      "InitialValue": ""
    },
    {
      "category": "Local",
      "Name": "AEAFM_flgInManAirTrnsntDtctn",
      "Description": "Flag indicating transient detection of Intake manifold air mass flow",
      "DataType": "boolean",
      "Min": "0",
      "Max": "1",
      "Unit": "OnOff",
      "Complexity": "auto",
      "Dimensions": "-1",
      "DimensionsMode": "auto",
      "SampleTime": "-1",
      "SamplingMode": "auto",
      "InitialValue": ""
    },
    {
      "category": "Local",
      "Name": "AEAFM_flgTrnsntDtctnTrg",
      "Description": "Transient detection trigger",
      "DataType": "boolean",
      "Min": "0",
      "Max": "1",
      "Unit": "OnOff",
      "Complexity": "auto",
      "Dimensions": "-1",
      "DimensionsMode": "auto",
      "SampleTime": "-1",
      "SamplingMode": "auto",
      "InitialValue": ""
    },
    {
      "category": "Local",
      "Name": "AEAFM_mfAirCmprsr2InManDlt",
      "Description": "Delta Intake air relative to the intake mass airflow sensor calculated by compressibility",
      "DataType": "single",
      "Min": "-10000",
      "Max": "10000",
      "Unit": "KgPh",
      "Complexity": "auto",
      "Dimensions": "-1",
      "DimensionsMode": "auto",
      "SampleTime": "-1",
      "SamplingMode": "auto",
      "InitialValue": ""
    },
    {
      "category": "Local",
      "Name": "AEAFM_mfAirCmprsrIn",
      "Description": "Intake air flow at the Compressor inlet",
      "DataType": "single",
      "Min": "-10000",
      "Max": "10000",
      "Unit": "KgPh",
      "Complexity": "auto",
      "Dimensions": "-1",
      "DimensionsMode": "auto",
      "SampleTime": "-1",
      "SamplingMode": "auto",
      "InitialValue": ""
    },
    {
      "category": "Local",
      "Name": "AEAFM_mfAirInManSnsrFlt",
      "Description": "Filtered value of Intake Manifold Air Flow Sensor used to determine transient condition",
      "DataType": "single",
      "Min": "-10000",
      "Max": "10000",
      "Unit": "KgPh",
      "Complexity": "auto",
      "Dimensions": "-1",
      "DimensionsMode": "auto",
      "SampleTime": "-1",
      "SamplingMode": "auto",
      "InitialValue": ""
    },
    {
      "category": "Local",
      "Name": "AEAFM_mfCylSpdDnstyDrvtv",
      "Description": "Derivative of the cylinder speed density intake manifold mass flow rate    It is used for transient detection",
      "DataType": "single",
      "Min": "-10000",
      "Max": "10000",
      "Unit": "KgPh",
      "Complexity": "auto",
      "Dimensions": "-1",
      "DimensionsMode": "auto",
      "SampleTime": "-1",
      "SamplingMode": "auto",
      "InitialValue": ""
    },
    {
      "category": "Local",
      "Name": "AEAFM_mfCylSpdDnstyFlt",
      "Description": "Filtered value of Cylinder Speed Density Flow used to determine transient condition",
      "DataType": "single",
      "Min": "-10000",
      "Max": "10000",
      "Unit": "KgPh",
      "Complexity": "auto",
      "Dimensions": "-1",
      "DimensionsMode": "auto",
      "SampleTime": "-1",
      "SamplingMode": "auto",
      "InitialValue": ""
    },
    {
      "category": "Local",
      "Name": "AEAFM_mfFuelDrvtv",
      "Description": "Derivative of the fuel mass flow rate used for transient detection",
      "DataType": "single",
      "Min": "-10000",
      "Max": "10000",
      "Unit": "KgPh",
      "Complexity": "auto",
      "Dimensions": "-1",
      "DimensionsMode": "auto",
      "SampleTime": "-1",
      "SamplingMode": "auto",
      "InitialValue": ""
    },
    {
      "category": "Local",
      "Name": "AEAFM_mfFuelInjTotFlt",
      "Description": "Filtered value of Fuel Flow used to determine transient condition",
      "DataType": "single",
      "Min": "-10000",
      "Max": "10000",
      "Unit": "KgPh",
      "Complexity": "auto",
      "Dimensions": "-1",
      "DimensionsMode": "auto",
      "SampleTime": "-1",
      "SamplingMode": "auto",
      "InitialValue": ""
    },
    {
      "category": "Local",
      "Name": "AEAFM_mfFuelTrnsntDtctnThrs",
      "Description": "Fuel flow transient detection threshold",
      "DataType": "single",
      "Min": "0",
      "Max": "500000",
      "Unit": "KgPh",
      "Complexity": "auto",
      "Dimensions": "-1",
      "DimensionsMode": "auto",
      "SampleTime": "-1",
      "SamplingMode": "auto",
      "InitialValue": ""
    },
    {
      "category": "Local",
      "Name": "AEAFM_mfInManAirDrvtv",
      "Description": "Derivative of the intake manifold air mass flow rate    It is used for transient detection",
      "DataType": "single",
      "Min": "-10000",
      "Max": "10000",
      "Unit": "KgPh",
      "Complexity": "auto",
      "Dimensions": "-1",
      "DimensionsMode": "auto",
      "SampleTime": "-1",
      "SamplingMode": "auto",
      "InitialValue": ""
    },
    {
      "category": "Local",
      "Name": "AEAFM_pEGRDlt",
      "Description": "Delta pressure of the exhaust to the intake manifold used to determine the maximum EGR volumetric flow",
      "DataType": "single",
      "Min": "-10000",
      "Max": "10000",
      "Unit": "HPA",
      "Complexity": "auto",
      "Dimensions": "-1",
      "DimensionsMode": "auto",
      "SampleTime": "-1",
      "SamplingMode": "auto",
      "InitialValue": ""
    },
    {
      "category": "Local",
      "Name": "AEAFM_pInManAirCmprsbltyDrvtv",
      "Description": "Derivative of the intake manifold pressure determined by filtering the linear regression of the intake manifold pressure sensor measurement",
      "DataType": "single",
      "Min": "-500000",
      "Max": "500000",
      "Unit": "Pa",
      "Complexity": "auto",
      "Dimensions": "-1",
      "DimensionsMode": "auto",
      "SampleTime": "-1",
      "SamplingMode": "auto",
      "InitialValue": ""
    },
    {
      "category": "Local",
      "Name": "AEAFM_ratEGRVlvPrssr",
      "Description": "EGR valve pressure ratio",
      "DataType": "single",
      "Min": "0",
      "Max": "2",
      "Unit": "Nounits",
      "Complexity": "auto",
      "Dimensions": "-1",
      "DimensionsMode": "auto",
      "SampleTime": "-1",
      "SamplingMode": "auto",
      "InitialValue": ""
    },
    {
      "category": "Local",
      "Name": "AEAFM_ratIn2OutManPrs",
      "Description": "Ratio of inlet to outlet manifold pressure",
      "DataType": "single",
      "Min": "0",
      "Max": "10",
      "Unit": "Nounits",
      "Complexity": "auto",
      "Dimensions": "-1",
      "DimensionsMode": "auto",
      "SampleTime": "-1",
      "SamplingMode": "auto",
      "InitialValue": ""
    },
    {
      "category": "Local",
      "Name": "AEAFM_stFlwMdlCnfgCur",
      "Description": "Flow model current configuration state",
      "DataType": "fixdt(0,8,1.00000000,-0.00000000)",
      "Min": "0",
      "Max": "15",
      "Unit": "NoUnitU8",
      "Complexity": "auto",
      "Dimensions": "-1",
      "DimensionsMode": "auto",
      "SampleTime": "-1",
      "SamplingMode": "auto",
      "InitialValue": ""
    },
    {
      "category": "Local",
      "Name": "AEAFM_stFlwMdlCnfgDes",
      "Description": "Flow model desired configuration state",
      "DataType": "fixdt(0,8,1.00000000,-0.00000000)",
      "Min": "0",
      "Max": "15",
      "Unit": "NoUnitU8",
      "Complexity": "auto",
      "Dimensions": "-1",
      "DimensionsMode": "auto",
      "SampleTime": "-1",
      "SamplingMode": "auto",
      "InitialValue": ""
    },
    {
      "category": "Local",
      "Name": "AEAFM_stFlwMdlCnfgPrev",
      "Description": "Previous Flow Calculation Configuration State which is held during the transition",
      "DataType": "fixdt(0,8,1.00000000,-0.00000000)",
      "Min": "0",
      "Max": "15",
      "Unit": "NoUnitU8",
      "Complexity": "auto",
      "Dimensions": "-1",
      "DimensionsMode": "auto",
      "SampleTime": "-1",
      "SamplingMode": "auto",
      "InitialValue": ""
    },
    {
      "category": "Local",
      "Name": "AEAFM_tiFlwMdlCnfgTrans",
      "Description": "Flow Calculation Configuration State timer",
      "DataType": "single",
      "Min": "0",
      "Max": "10",
      "Unit": "Sec",
      "Complexity": "auto",
      "Dimensions": "-1",
      "DimensionsMode": "auto",
      "SampleTime": "-1",
      "SamplingMode": "auto",
      "InitialValue": ""
    },
    {
      "category": "Local",
      "Name": "AEAFM_vfCylSpdDnsty",
      "Description": "Intake Manifold flow cylinder speed density model",
      "DataType": "single",
      "Min": "0",
      "Max": "50000000",
      "Unit": "LitersPerHour",
      "Complexity": "auto",
      "Dimensions": "-1",
      "DimensionsMode": "auto",
      "SampleTime": "-1",
      "SamplingMode": "auto",
      "InitialValue": ""
    },
    {
      "category": "Local",
      "Name": "AEAFM_vfEGRVlvPstn",
      "Description": "EGR volumetric flow which is defined as a function of Maximum EGR volumetric flow and EGR valve position",
      "DataType": "single",
      "Min": "0",
      "Max": "50000000",
      "Unit": "LitersPerHour",
      "Complexity": "auto",
      "Dimensions": "-1",
      "DimensionsMode": "auto",
      "SampleTime": "-1",
      "SamplingMode": "auto",
      "InitialValue": ""
    },
    {
      "category": "Local",
      "Name": "AEAFM_vfEGRVlvPstnMax",
      "Description": "Maximum EGR volumetric flow which is defined as a function of intake to exhaust manifold pressure",
      "DataType": "single",
      "Min": "0",
      "Max": "50000000",
      "Unit": "LitersPerHour",
      "Complexity": "auto",
      "Dimensions": "-1",
      "DimensionsMode": "auto",
      "SampleTime": "-1",
      "SamplingMode": "auto",
      "InitialValue": ""
    }
  ], 
  [
    {
      "category": "Output",
      "Name": "AEAFM_facAirInManLmbdSnsrTrst",
      "Description": "Intake Manifold Air mass flow Fuel flow and Lambda sensor model trust factor",
      "DataType": "single",
      "Min": "0",
      "Max": "2",
      "Unit": "Nounits",
      "Complexity": "auto",
      "Dimensions": "-1",
      "DimensionsMode": "auto",
      "SampleTime": "-1",
      "SamplingMode": "auto",
      "InitialValue": ""
    },
    {
      "category": "Output",
      "Name": "AEAFM_facAirInManSnsrTrst",
      "Description": "Intake Manifold Air mass flow intake air sensor model trust factor",
      "DataType": "single",
      "Min": "0",
      "Max": "2",
      "Unit": "Nounits",
      "Complexity": "auto",
      "Dimensions": "-1",
      "DimensionsMode": "auto",
      "SampleTime": "-1",
      "SamplingMode": "auto",
      "InitialValue": ""
    },
    {
      "category": "Output",
      "Name": "AEAFM_facCylSpdDnstyTrst",
      "Description": "Intake Manifold cylinder speed density mass flow model trust factor",
      "DataType": "single",
      "Min": "0",
      "Max": "2",
      "Unit": "Nounits",
      "Complexity": "auto",
      "Dimensions": "-1",
      "DimensionsMode": "auto",
      "SampleTime": "-1",
      "SamplingMode": "auto",
      "InitialValue": ""
    },
    {
      "category": "Output",
      "Name": "AEAFM_facCylVolEff",
      "Description": "Final volumetric efficiency for cylinder speed density model",
      "DataType": "single",
      "Min": "0",
      "Max": "2",
      "Unit": "Nounits",
      "Complexity": "auto",
      "Dimensions": "-1",
      "DimensionsMode": "auto",
      "SampleTime": "-1",
      "SamplingMode": "auto",
      "InitialValue": ""
    },
    {
      "category": "Output",
      "Name": "AEAFM_facEGRVlvPstnTrst",
      "Description": "EGR valve position mass flow model trust factor",
      "DataType": "single",
      "Min": "0",
      "Max": "2",
      "Unit": "Nounits",
      "Complexity": "auto",
      "Dimensions": "-1",
      "DimensionsMode": "auto",
      "SampleTime": "-1",
      "SamplingMode": "auto",
      "InitialValue": ""
    },
    {
      "category": "Output",
      "Name": "AEAFM_flgModeEn",
      "Description": "AEAFM Model Enablement",
      "DataType": "boolean",
      "Min": "0",
      "Max": "1",
      "Unit": "OnOff",
      "Complexity": "auto",
      "Dimensions": "-1",
      "DimensionsMode": "auto",
      "SampleTime": "-1",
      "SamplingMode": "auto",
      "InitialValue": ""
    },
    {
      "category": "Output",
      "Name": "AEAFM_flgTrnsntDtctn",
      "Description": "Flag indicating transient detection due to change mass flow rate",
      "DataType": "boolean",
      "Min": "0",
      "Max": "1",
      "Unit": "OnOff",
      "Complexity": "auto",
      "Dimensions": "-1",
      "DimensionsMode": "auto",
      "SampleTime": "-1",
      "SamplingMode": "auto",
      "InitialValue": ""
    },
    {
      "category": "Output",
      "Name": "AEAFM_mfAirInManLmbdSnsr",
      "Description": "The intake manifold air flow based on the NOx sensor AFR measurement and cylinder fuel flow",
      "DataType": "single",
      "Min": "-10000",
      "Max": "10000",
      "Unit": "KgPh",
      "Complexity": "auto",
      "Dimensions": "-1",
      "DimensionsMode": "auto",
      "SampleTime": "-1",
      "SamplingMode": "auto",
      "InitialValue": ""
    },
    {
      "category": "Output",
      "Name": "AEAFM_mfAirInManSnsr",
      "Description": "Final value of the intake manifold air flow based on the intake mass airflow sensor with compressibility factor applied",
      "DataType": "single",
      "Min": "-10000",
      "Max": "10000",
      "Unit": "KgPh",
      "Complexity": "auto",
      "Dimensions": "-1",
      "DimensionsMode": "auto",
      "SampleTime": "-1",
      "SamplingMode": "auto",
      "InitialValue": ""
    },
    {
      "category": "Output",
      "Name": "AEAFM_mfCylSpdDnsty",
      "Description": "Cylinder speed density model mass flow",
      "DataType": "single",
      "Min": "0",
      "Max": "50000",
      "Unit": "KgPh",
      "Complexity": "auto",
      "Dimensions": "-1",
      "DimensionsMode": "auto",
      "SampleTime": "-1",
      "SamplingMode": "auto",
      "InitialValue": ""
    },
    {
      "category": "Output",
      "Name": "AEAFM_mfEGR",
      "Description": "Final EGR mass flow",
      "DataType": "single",
      "Min": "-1000",
      "Max": "5000",
      "Unit": "KgPh",
      "Complexity": "auto",
      "Dimensions": "-1",
      "DimensionsMode": "auto",
      "SampleTime": "-1",
      "SamplingMode": "auto",
      "InitialValue": ""
    },
    {
      "category": "Output",
      "Name": "AEAFM_mfEGRVlvPstn",
      "Description": "EGR mass flow which is defined as a function of Maximum EGR volumetric flow and EGR valve position",
      "DataType": "single",
      "Min": "0",
      "Max": "5000",
      "Unit": "KgPh",
      "Complexity": "auto",
      "Dimensions": "-1",
      "DimensionsMode": "auto",
      "SampleTime": "-1",
      "SamplingMode": "auto",
      "InitialValue": ""
    },
    {
      "category": "Output",
      "Name": "AEAFM_mfEngExh",
      "Description": "Engine Exhaust Mass Flow Rate",
      "DataType": "single",
      "Min": "-1000",
      "Max": "5000",
      "Unit": "KgPh",
      "Complexity": "auto",
      "Dimensions": "-1",
      "DimensionsMode": "auto",
      "SampleTime": "-1",
      "SamplingMode": "auto",
      "InitialValue": ""
    },
    {
      "category": "Output",
      "Name": "AEAFM_mfExMan",
      "Description": "Final exhaust manifold mass flow",
      "DataType": "single",
      "Min": "-1000",
      "Max": "5000",
      "Unit": "KgPh",
      "Complexity": "auto",
      "Dimensions": "-1",
      "DimensionsMode": "auto",
      "SampleTime": "-1",
      "SamplingMode": "auto",
      "InitialValue": ""
    },
    {
      "category": "Output",
      "Name": "AEAFM_mfExhTrbn",
      "Description": "Final exhaust turbine mass flow",
      "DataType": "single",
      "Min": "-1000",
      "Max": "5000",
      "Unit": "KgPh",
      "Complexity": "auto",
      "Dimensions": "-1",
      "DimensionsMode": "auto",
      "SampleTime": "-1",
      "SamplingMode": "auto",
      "InitialValue": ""
    },
    {
      "category": "Output",
      "Name": "AEAFM_mfInAir",
      "Description": "Final Intake Air Mass Flow Rate",
      "DataType": "single",
      "Min": "-1000",
      "Max": "5000",
      "Unit": "KgPh",
      "Complexity": "auto",
      "Dimensions": "-1",
      "DimensionsMode": "auto",
      "SampleTime": "-1",
      "SamplingMode": "auto",
      "InitialValue": ""
    },
    {
      "category": "Output",
      "Name": "AEAFM_mfInMan",
      "Description": "Final intake manifold mass flow",
      "DataType": "single",
      "Min": "-1000",
      "Max": "5000",
      "Unit": "KgPh",
      "Complexity": "auto",
      "Dimensions": "-1",
      "DimensionsMode": "auto",
      "SampleTime": "-1",
      "SamplingMode": "auto",
      "InitialValue": ""
    },
    {
      "category": "Output",
      "Name": "AEAFM_mfInManAir",
      "Description": "Final intake manifold air mass flow",
      "DataType": "single",
      "Min": "-1000",
      "Max": "5000",
      "Unit": "KgPh",
      "Complexity": "auto",
      "Dimensions": "-1",
      "DimensionsMode": "auto",
      "SampleTime": "-1",
      "SamplingMode": "auto",
      "InitialValue": ""
    },
    {
      "category": "Output",
      "Name": "AEAFM_ratEGR",
      "Description": "Final EGR rate",
      "DataType": "single",
      "Min": "0",
      "Max": "2",
      "Unit": "Nounits",
      "Complexity": "auto",
      "Dimensions": "-1",
      "DimensionsMode": "auto",
      "SampleTime": "-1",
      "SamplingMode": "auto",
      "InitialValue": ""
    }
  ]
]