[
  [
    {
      "category": "Axis",
      "Name": "AEAFM_mfAirInManLmbdSnsrFuelTrst_X",
      "Description": "Fuel flow index for the fuel flow and lambda sensor intake air flow trust factor look up table",
      "DataType": "single",
      "Min": "0",
      "Max": "500",
      "Unit": "KgPh",
      "Complexity": "real",
      "Dimensions": [
        "1",
        "16"
      ],
      "DimensionsMode": "Null",
      "SampleTime": "Null",
      "SamplingMode": "Null",
      "InitialValue": "Null"
    },
    {
      "category": "Axis",
      "Name": "AEAFM_mfFuelInjTrnsntDtctn_X",
      "Description": "Fuel Injection quantity for low pass filter transient detection",
      "DataType": "single",
      "Min": "0",
      "Max": "10000",
      "Unit": "KgPh",
      "Complexity": "real",
      "Dimensions": [
        "1",
        "8"
      ],
      "DimensionsMode": "Null",
      "SampleTime": "Null",
      "SamplingMode": "Null",
      "InitialValue": "Null"
    },
    {
      "category": "Axis",
      "Name": "AEAFM_nCylVolEffCoolTemp_X",
      "Description": "Engine speed input index volumetric efficiency coolant temperature factor",
      "DataType": "single",
      "Min": "0",
      "Max": "5000",
      "Unit": "Rpm",
      "Complexity": "real",
      "Dimensions": [
        "1",
        "16"
      ],
      "DimensionsMode": "Null",
      "SampleTime": "Null",
      "SamplingMode": "Null",
      "InitialValue": "Null"
    },
    {
      "category": "Axis",
      "Name": "AEAFM_nCylVolEffInOutPrsRtio_X",
      "Description": "Engine speed index for volumetric efficiency intake to exhaust manifold pressure ratio factor",
      "DataType": "single",
      "Min": "0",
      "Max": "5000",
      "Unit": "Rpm",
      "Complexity": "real",
      "Dimensions": [
        "1",
        "16"
      ],
      "DimensionsMode": "Null",
      "SampleTime": "Null",
      "SamplingMode": "Null",
      "InitialValue": "Null"
    },
    {
      "category": "Axis",
      "Name": "AEAFM_nCylVolEffInPrs_X",
      "Description": "Engine speed index for volumetric efficiency intake manifold pressure factor",
      "DataType": "single",
      "Min": "0",
      "Max": "5000",
      "Unit": "Rpm",
      "Complexity": "real",
      "Dimensions": [
        "1",
        "16"
      ],
      "DimensionsMode": "Null",
      "SampleTime": "Null",
      "SamplingMode": "Null",
      "InitialValue": "Null"
    },
    {
      "category": "Axis",
      "Name": "AEAFM_nCylVolEffInTemp_X",
      "Description": "Engine speed index for volumetric efficiency intake manifold temperature factor",
      "DataType": "single",
      "Min": "0",
      "Max": "5000",
      "Unit": "Rpm",
      "Complexity": "real",
      "Dimensions": [
        "1",
        "16"
      ],
      "DimensionsMode": "Null",
      "SampleTime": "Null",
      "SamplingMode": "Null",
      "InitialValue": "Null"
    },
    {
      "category": "Axis",
      "Name": "AEAFM_pCylVolEffInPrs_Y",
      "Description": "Intake manifold absolute pressure index for volumetric efficiency intake mainifold pressure factor",
      "DataType": "single",
      "Min": "0",
      "Max": "10000",
      "Unit": "HPA",
      "Complexity": "real",
      "Dimensions": [
        "1",
        "16"
      ],
      "DimensionsMode": "Null",
      "SampleTime": "Null",
      "SamplingMode": "Null",
      "InitialValue": "Null"
    },
    {
      "category": "Axis",
      "Name": "AEAFM_pEGRVlvFlwMdlTrst_X",
      "Description": "EGR delta pressure index for the EGR valve flow model trust factor look up table",
      "DataType": "single",
      "Min": "0",
      "Max": "10000",
      "Unit": "HPA",
      "Complexity": "real",
      "Dimensions": [
        "1",
        "16"
      ],
      "DimensionsMode": "Null",
      "SampleTime": "Null",
      "SamplingMode": "Null",
      "InitialValue": "Null"
    },
    {
      "category": "Axis",
      "Name": "AEAFM_pEGRVlvPstnMax_X",
      "Description": "Intake to Exhaust manifold delta pressure index for EGR valve maximum mass flow lookup table",
      "DataType": "single",
      "Min": "0",
      "Max": "10000",
      "Unit": "HPA",
      "Complexity": "real",
      "Dimensions": [
        "1",
        "16"
      ],
      "DimensionsMode": "Null",
      "SampleTime": "Null",
      "SamplingMode": "Null",
      "InitialValue": "Null"
    },
    {
      "category": "Axis",
      "Name": "AEAFM_posnEGRVlvPstnOnFlow_X",
      "Description": "EGR valve position index for EGR valve position factor table in EGR valve position flow model",
      "DataType": "single",
      "Min": "0",
      "Max": "100",
      "Unit": "Perc",
      "Complexity": "real",
      "Dimensions": [
        "1",
        "11"
      ],
      "DimensionsMode": "Null",
      "SampleTime": "Null",
      "SamplingMode": "Null",
      "InitialValue": "Null"
    },
    {
      "category": "Axis",
      "Name": "AEAFM_posnEGRVlvPstnPrssrRat_Y",
      "Description": "EGR delta pressure ratio index into EGR flow look up table",
      "DataType": "single",
      "Min": "0",
      "Max": "100",
      "Unit": "Perc",
      "Complexity": "real",
      "Dimensions": [
        "1",
        "11"
      ],
      "DimensionsMode": "Null",
      "SampleTime": "Null",
      "SamplingMode": "Null",
      "InitialValue": "Null"
    },
    {
      "category": "Axis",
      "Name": "AEAFM_ratAirInManLmbdSnsrLmdaSnsTrst_X",
      "Description": "Lamdbda sensor AFR index for the fuel flow and lambda sensor intake air flow trust factor look up table",
      "DataType": "single",
      "Min": "0",
      "Max": "100",
      "Unit": "Nounits",
      "Complexity": "real",
      "Dimensions": [
        "1",
        "16"
      ],
      "DimensionsMode": "Null",
      "SampleTime": "Null",
      "SamplingMode": "Null",
      "InitialValue": "Null"
    },
    {
      "category": "Axis",
      "Name": "AEAFM_ratCylVolEffInOutPrsRtio_Y",
      "Description": "Intake to Exhaust manifold pressure ratio index for volumetric efficiency intake to exhaust manifold pressure ratio factor",
      "DataType": "single",
      "Min": "0",
      "Max": "5",
      "Unit": "Nounits",
      "Complexity": "real",
      "Dimensions": [
        "1",
        "16"
      ],
      "DimensionsMode": "Null",
      "SampleTime": "Null",
      "SamplingMode": "Null",
      "InitialValue": "Null"
    },
    {
      "category": "Axis",
      "Name": "AEAFM_ratEGRVlvPstnPrssrRat_X",
      "Description": "EGR delta pressure ratio index into EGR flow look up table",
      "DataType": "single",
      "Min": "0",
      "Max": "5",
      "Unit": "Nounits",
      "Complexity": "real",
      "Dimensions": [
        "1",
        "16"
      ],
      "DimensionsMode": "Null",
      "SampleTime": "Null",
      "SamplingMode": "Null",
      "InitialValue": "Null"
    },
    {
      "category": "Axis",
      "Name": "AEAFM_tCylVolEffCoolTemp_Y",
      "Description": "Coolant temperature index for volumetric efficiency coolant temperature factor",
      "DataType": "single",
      "Min": "-50",
      "Max": "300",
      "Unit": "DegC",
      "Complexity": "real",
      "Dimensions": [
        "1",
        "16"
      ],
      "DimensionsMode": "Null",
      "SampleTime": "Null",
      "SamplingMode": "Null",
      "InitialValue": "Null"
    },
    {
      "category": "Axis",
      "Name": "AEAFM_tCylVolEffInTemp_Y",
      "Description": "Intake manifold temperature index for volumetric efficiency intake manifold temperature factor",
      "DataType": "single",
      "Min": "-50",
      "Max": "300",
      "Unit": "DegC",
      "Complexity": "real",
      "Dimensions": [
        "1",
        "16"
      ],
      "DimensionsMode": "Null",
      "SampleTime": "Null",
      "SamplingMode": "Null",
      "InitialValue": "Null"
    }
  ],
  [
    {
      "category": "Calibration",
      "Name": "AEAFM_facAirGasCnst_C",
      "Description": "The specific gas constant for air",
      "DataType": "single",
      "Min": "0",
      "Max": "10000",
      "Unit": "JPerKgXK",
      "Complexity": "real",
      "Dimensions": [
        "1",
        "1"
      ],
      "DimensionsMode": "Null",
      "SampleTime": "Null",
      "SamplingMode": "Null",
      "InitialValue": "Null"
    },
    {
      "category": "Calibration",
      "Name": "AEAFM_facAirInManSnsrTrnsntDtctnFlt_C",
      "Description": "Intake mass air flow transient detection filter value",
      "DataType": "single",
      "Min": "0",
      "Max": "2",
      "Unit": "Nounits",
      "Complexity": "real",
      "Dimensions": [
        "1",
        "1"
      ],
      "DimensionsMode": "Null",
      "SampleTime": "Null",
      "SamplingMode": "Null",
      "InitialValue": "Null"
    },
    {
      "category": "Calibration",
      "Name": "AEAFM_facAirInManSnsrTrst_C",
      "Description": "Trust factor of the Intake Manifold Air flow rate which uses the intake mass airflow sensor and compressibility factor",
      "DataType": "single",
      "Min": "0",
      "Max": "2",
      "Unit": "Nounits",
      "Complexity": "real",
      "Dimensions": [
        "1",
        "1"
      ],
      "DimensionsMode": "Null",
      "SampleTime": "Null",
      "SamplingMode": "Null",
      "InitialValue": "Null"
    },
    {
      "category": "Calibration",
      "Name": "AEAFM_facCylSpdDnstyTrnsntDtctnFlt_C",
      "Description": "Cylinder speed density flow transient detection filter value",
      "DataType": "single",
      "Min": "0",
      "Max": "2",
      "Unit": "Nounits",
      "Complexity": "real",
      "Dimensions": [
        "1",
        "1"
      ],
      "DimensionsMode": "Null",
      "SampleTime": "Null",
      "SamplingMode": "Null",
      "InitialValue": "Null"
    },
    {
      "category": "Calibration",
      "Name": "AEAFM_facCylSpdDnstyTrst_C",
      "Description": "Trust factor of the cylinder speed density mass flow model",
      "DataType": "single",
      "Min": "0",
      "Max": "2",
      "Unit": "Nounits",
      "Complexity": "real",
      "Dimensions": [
        "1",
        "1"
      ],
      "DimensionsMode": "Null",
      "SampleTime": "Null",
      "SamplingMode": "Null",
      "InitialValue": "Null"
    },
    {
      "category": "Calibration",
      "Name": "AEAFM_facCylVolEffMn_C",
      "Description": "Minimum value for the cylinder volumetric efficiency factor",
      "DataType": "single",
      "Min": "0",
      "Max": "2",
      "Unit": "Nounits",
      "Complexity": "real",
      "Dimensions": [
        "1",
        "1"
      ],
      "DimensionsMode": "Null",
      "SampleTime": "Null",
      "SamplingMode": "Null",
      "InitialValue": "Null"
    },
    {
      "category": "Calibration",
      "Name": "AEAFM_facCylVolEffMx_C",
      "Description": "Maximum value for the cylinder volumetric efficiency factor",
      "DataType": "single",
      "Min": "0",
      "Max": "2",
      "Unit": "Nounits",
      "Complexity": "real",
      "Dimensions": [
        "1",
        "1"
      ],
      "DimensionsMode": "Null",
      "SampleTime": "Null",
      "SamplingMode": "Null",
      "InitialValue": "Null"
    },
    {
      "category": "Calibration",
      "Name": "AEAFM_facFuelTrnsntDtctnFlt_C",
      "Description": "Fuel transient detection filter value",
      "DataType": "single",
      "Min": "0",
      "Max": "10",
      "Unit": "NoUnit",
      "Complexity": "real",
      "Dimensions": [
        "1",
        "1"
      ],
      "DimensionsMode": "Null",
      "SampleTime": "Null",
      "SamplingMode": "Null",
      "InitialValue": "Null"
    },
    {
      "category": "Calibration",
      "Name": "AEAFM_facInManAirCmprsbltyDrvtvFlt_C",
      "Description": "Factor value of the Intake air compressibility model filter",
      "DataType": "single",
      "Min": "0",
      "Max": "1",
      "Unit": "Nounits",
      "Complexity": "real",
      "Dimensions": [
        "1",
        "1"
      ],
      "DimensionsMode": "Null",
      "SampleTime": "Null",
      "SamplingMode": "Null",
      "InitialValue": "Null"
    },
    {
      "category": "Calibration",
      "Name": "AEAFM_flgAirInManLmbdSnsFIdOvrd_C",
      "Description": "Intake Manifold Air Lambda Sensor Model FID manual override",
      "DataType": "boolean",
      "Min": "0",
      "Max": "1",
      "Unit": "OnOff",
      "Complexity": "real",
      "Dimensions": [
        "1",
        "1"
      ],
      "DimensionsMode": "Null",
      "SampleTime": "Null",
      "SamplingMode": "Null",
      "InitialValue": "Null"
    },
    {
      "category": "Calibration",
      "Name": "AEAFM_flgAirInManSnsrFIdOvrd_C",
      "Description": "Intake Manifold fresh air sensor FID manual override",
      "DataType": "boolean",
      "Min": "0",
      "Max": "1",
      "Unit": "OnOff",
      "Complexity": "real",
      "Dimensions": [
        "1",
        "1"
      ],
      "DimensionsMode": "Null",
      "SampleTime": "Null",
      "SamplingMode": "Null",
      "InitialValue": "Null"
    },
    {
      "category": "Calibration",
      "Name": "AEAFM_flgCylSpdDnstyFIdOvrd_C",
      "Description": "Cylinder Speed Density Model FID manual override",
      "DataType": "boolean",
      "Min": "0",
      "Max": "1",
      "Unit": "OnOff",
      "Complexity": "real",
      "Dimensions": [
        "1",
        "1"
      ],
      "DimensionsMode": "Null",
      "SampleTime": "Null",
      "SamplingMode": "Null",
      "InitialValue": "Null"
    },
    {
      "category": "Calibration",
      "Name": "AEAFM_flgEGRVlvPstnFIdOvrd_C",
      "Description": "EGR Flow Model based on EGR Valve position FID manual override",
      "DataType": "boolean",
      "Min": "0",
      "Max": "1",
      "Unit": "OnOff",
      "Complexity": "real",
      "Dimensions": [
        "1",
        "1"
      ],
      "DimensionsMode": "Null",
      "SampleTime": "Null",
      "SamplingMode": "Null",
      "InitialValue": "Null"
    },
    {
      "category": "Calibration",
      "Name": "AEAFM_flgFlwMdlCnfgMan_C",
      "Description": "Manual selection of the flow configuration state",
      "DataType": "boolean",
      "Min": "0",
      "Max": "1",
      "Unit": "OnOff",
      "Complexity": "real",
      "Dimensions": [
        "1",
        "1"
      ],
      "DimensionsMode": "Null",
      "SampleTime": "Null",
      "SamplingMode": "Null",
      "InitialValue": "Null"
    },
    {
      "category": "Calibration",
      "Name": "AEAFM_flgModeEnbl_C",
      "Description": "AEAFM Model Enablement",
      "DataType": "boolean",
      "Min": "0",
      "Max": "1",
      "Unit": "OnOff",
      "Complexity": "real",
      "Dimensions": [
        "1",
        "1"
      ],
      "DimensionsMode": "Null",
      "SampleTime": "Null",
      "SamplingMode": "Null",
      "InitialValue": "Null"
    },
    {
      "category": "Calibration",
      "Name": "AEAFM_mfCylSpdDnstyTrnsntDtctnThrs_C",
      "Description": "Intake mainfold Cylinder Speed density flow transient detection threshold     This is being compared to the derivative of the Intake Manifold Cylinder Speed density mass flowrate",
      "DataType": "single",
      "Min": "0",
      "Max": "500000",
      "Unit": "KgPh",
      "Complexity": "real",
      "Dimensions": [
        "1",
        "1"
      ],
      "DimensionsMode": "Null",
      "SampleTime": "Null",
      "SamplingMode": "Null",
      "InitialValue": "Null"
    },
    {
      "category": "Calibration",
      "Name": "AEAFM_mfInManAirTrnsntDtctnThrs_C",
      "Description": "Intake mainfold air flow transient detection threshold    This is being compared to the derivative of the Intake Manifold Air mass flowrate",
      "DataType": "single",
      "Min": "0",
      "Max": "500000",
      "Unit": "KgPh",
      "Complexity": "real",
      "Dimensions": [
        "1",
        "1"
      ],
      "DimensionsMode": "Null",
      "SampleTime": "Null",
      "SamplingMode": "Null",
      "InitialValue": "Null"
    },
    {
      "category": "Calibration",
      "Name": "AEAFM_nrRev2Cycle_C",
      "Description": "Number of revolutions per cylinder combustion cycle",
      "DataType": "single",
      "Min": "0",
      "Max": "5",
      "Unit": "Nounits",
      "Complexity": "real",
      "Dimensions": [
        "1",
        "1"
      ],
      "DimensionsMode": "Null",
      "SampleTime": "Null",
      "SamplingMode": "Null",
      "InitialValue": "Null"
    },
    {
      "category": "Calibration",
      "Name": "AEAFM_stEGRVlvPstnFlwMdlSel_C",
      "Description": "Selection for the EGR valve positition model",
      "DataType": "boolean",
      "Min": "0",
      "Max": "1",
      "Unit": "OnOff",
      "Complexity": "real",
      "Dimensions": [
        "1",
        "1"
      ],
      "DimensionsMode": "Null",
      "SampleTime": "Null",
      "SamplingMode": "Null",
      "InitialValue": "Null"
    },
    {
      "category": "Calibration",
      "Name": "AEAFM_stFlwMdlCnfgSel_C",
      "Description": "Manual selection of the flow configuration state",
      "DataType": "fixdt(0,8,1.00000000,-0.00000000)",
      "Min": "0",
      "Max": "15",
      "Unit": "NoUnitU8",
      "Complexity": "real",
      "Dimensions": [
        "1",
        "1"
      ],
      "DimensionsMode": "Null",
      "SampleTime": "Null",
      "SamplingMode": "Null",
      "InitialValue": "Null"
    },
    {
      "category": "Calibration",
      "Name": "AEAFM_tiFlwMdlCnfgTrans_C",
      "Description": "Flow Calculation Configuration State time",
      "DataType": "single",
      "Min": "0",
      "Max": "60",
      "Unit": "Sec",
      "Complexity": "real",
      "Dimensions": [
        "1",
        "1"
      ],
      "DimensionsMode": "Null",
      "SampleTime": "Null",
      "SamplingMode": "Null",
      "InitialValue": "Null"
    },
    {
      "category": "Calibration",
      "Name": "AEAFM_tiTrnsntDtctnHldThrs_C",
      "Description": "The time that transient detection remains after all transient flow detections have ceased",
      "DataType": "single",
      "Min": "0",
      "Max": "60",
      "Unit": "Sec",
      "Complexity": "real",
      "Dimensions": [
        "1",
        "1"
      ],
      "DimensionsMode": "Null",
      "SampleTime": "Null",
      "SamplingMode": "Null",
      "InitialValue": "Null"
    },
    {
      "category": "Calibration",
      "Name": "AEAFM_tiTrnsntDtctnTrgThrs_C",
      "Description": "The time that transient detection remains after all transient flow detections have ceased",
      "DataType": "single",
      "Min": "0",
      "Max": "60",
      "Unit": "Sec",
      "Complexity": "real",
      "Dimensions": [
        "1",
        "1"
      ],
      "DimensionsMode": "Null",
      "SampleTime": "Null",
      "SamplingMode": "Null",
      "InitialValue": "Null"
    },
    {
      "category": "Calibration",
      "Name": "AEAFM_volCmprsr2InMan_C",
      "Description": "Volume of the intake air path from the compressor to the intake manifold",
      "DataType": "single",
      "Min": "0",
      "Max": "500",
      "Unit": "MtrCubd",
      "Complexity": "real",
      "Dimensions": [
        "1",
        "1"
      ],
      "DimensionsMode": "Null",
      "SampleTime": "Null",
      "SamplingMode": "Null",
      "InitialValue": "Null"
    },
    {
      "category": "Calibration",
      "Name": "AEAFM_volEng_C",
      "Description": "Engine displacement",
      "DataType": "single",
      "Min": "0",
      "Max": "50",
      "Unit": "Liter",
      "Complexity": "real",
      "Dimensions": [
        "1",
        "1"
      ],
      "DimensionsMode": "Null",
      "SampleTime": "Null",
      "SamplingMode": "Null",
      "InitialValue": "Null"
    }
  ],
  [
    {
      "category": "Curve",
      "Name": "AEAFM_facAirInManLmbdSnsrFuelTrst_T",
      "Description": "Intake Manifold Air flow Fuel flow and Lambda based model fuel flow trust factor look up table",
      "DataType": "single",
      "Min": "0",
      "Max": "1",
      "Unit": "Nounits",
      "Complexity": "real",
      "Dimensions": [
        "1",
        "16"
      ],
      "DimensionsMode": "Null",
      "SampleTime": "Null",
      "SamplingMode": "Null",
      "InitialValue": "Null"
    },
    {
      "category": "Curve",
      "Name": "AEAFM_facAirInManLmbdSnsrLmdaSnsTrst_T",
      "Description": "Intake Manifold Air flow Fuel flow and Lambda based model lambda sensor trust factor look up table",
      "DataType": "single",
      "Min": "0",
      "Max": "1",
      "Unit": "Nounits",
      "Complexity": "real",
      "Dimensions": [
        "1",
        "16"
      ],
      "DimensionsMode": "Null",
      "SampleTime": "Null",
      "SamplingMode": "Null",
      "InitialValue": "Null"
    },
    {
      "category": "Curve",
      "Name": "AEAFM_facEGRVlvFlwMdlTrst_T",
      "Description": "EGR valve flow model trust factor look up table",
      "DataType": "single",
      "Min": "0",
      "Max": "1",
      "Unit": "Nounits",
      "Complexity": "real",
      "Dimensions": [
        "1",
        "16"
      ],
      "DimensionsMode": "Null",
      "SampleTime": "Null",
      "SamplingMode": "Null",
      "InitialValue": "Null"
    },
    {
      "category": "Curve",
      "Name": "AEAFM_facEGRVlvPstnOnFlow_T",
      "Description": "EGR flow model valve position factor look up table",
      "DataType": "single",
      "Min": "0",
      "Max": "1",
      "Unit": "Nounits",
      "Complexity": "real",
      "Dimensions": [
        "1",
        "11"
      ],
      "DimensionsMode": "Null",
      "SampleTime": "Null",
      "SamplingMode": "Null",
      "InitialValue": "Null"
    },
    {
      "category": "Curve",
      "Name": "AEAFM_mfFuelTrnsntDtctnThrs_T",
      "Description": "Fuel flow transient detection threshold table",
      "DataType": "single",
      "Min": "0",
      "Max": "500000",
      "Unit": "KgPh",
      "Complexity": "real",
      "Dimensions": [
        "1",
        "8"
      ],
      "DimensionsMode": "Null",
      "SampleTime": "Null",
      "SamplingMode": "Null",
      "InitialValue": "Null"
    },
    {
      "category": "Curve",
      "Name": "AEAFM_vfEGRVlvPstnMax_T",
      "Description": "EGR valve maximum mass flow lookup table for EGR Valve flow model",
      "DataType": "single",
      "Min": "0",
      "Max": "5000000",
      "Unit": "LitersPerHour",
      "Complexity": "real",
      "Dimensions": [
        "1",
        "16"
      ],
      "DimensionsMode": "Null",
      "SampleTime": "Null",
      "SamplingMode": "Null",
      "InitialValue": "Null"
    }
  ],
  [
    {
      "category": "Define",
      "Name": "AEAFM_AirInManLmbdSnsValid",
      "Description": "Intake Manifold Lambda sensor based air flow Model valid FID",
      "DataType": "fixdt(0,16,1.00000000,-0.00000000)",
      "Min": "0",
      "Max": "65535",
      "Unit": "NoUnitU16",
      "Complexity": "real",
      "Dimensions": [
        "1",
        "1"
      ],
      "DimensionsMode": "Null",
      "SampleTime": "Null",
      "SamplingMode": "Null",
      "InitialValue": "Null"
    },
    {
      "category": "Define",
      "Name": "AEAFM_AirInManSnsrValid",
      "Description": "Intake Manifold Airflow sensor valid FID",
      "DataType": "fixdt(0,16,1.00000000,-0.00000000)",
      "Min": "0",
      "Max": "65535",
      "Unit": "NoUnitU16",
      "Complexity": "real",
      "Dimensions": [
        "1",
        "1"
      ],
      "DimensionsMode": "Null",
      "SampleTime": "Null",
      "SamplingMode": "Null",
      "InitialValue": "Null"
    },
    {
      "category": "Define",
      "Name": "AEAFM_CylSpdDnstyValid",
      "Description": "Cylinder Speed Density Flow Model valid FID",
      "DataType": "fixdt(0,16,1.00000000,-0.00000000)",
      "Min": "0",
      "Max": "65535",
      "Unit": "NoUnitU16",
      "Complexity": "real",
      "Dimensions": [
        "1",
        "1"
      ],
      "DimensionsMode": "Null",
      "SampleTime": "Null",
      "SamplingMode": "Null",
      "InitialValue": "Null"
    },
    {
      "category": "Define",
      "Name": "AEAFM_EGRVlvPstnValid",
      "Description": "EGR Flow  based on EGR valve position Model valid FID",
      "DataType": "fixdt(0,16,1.00000000,-0.00000000)",
      "Min": "0",
      "Max": "65535",
      "Unit": "NoUnitU16",
      "Complexity": "real",
      "Dimensions": [
        "1",
        "1"
      ],
      "DimensionsMode": "Null",
      "SampleTime": "Null",
      "SamplingMode": "Null",
      "InitialValue": "Null"
    },
    {
      "category": "Define",
      "Name": "AEAFM_facHPa2Pa_SC",
      "Description": "Conversion factor for hPa to Pa",
      "DataType": "single",
      "Min": "0",
      "Max": "1000",
      "Unit": "Nounits",
      "Complexity": "real",
      "Dimensions": [
        "1",
        "1"
      ],
      "DimensionsMode": "Null",
      "SampleTime": "Null",
      "SamplingMode": "Null",
      "InitialValue": "Null"
    },
    {
      "category": "Define",
      "Name": "AEAFM_facL2m3_SC",
      "Description": "Conversion factor for liters to cubic meters",
      "DataType": "single",
      "Min": "0",
      "Max": "5000",
      "Unit": "Nounits",
      "Complexity": "real",
      "Dimensions": [
        "1",
        "1"
      ],
      "DimensionsMode": "Null",
      "SampleTime": "Null",
      "SamplingMode": "Null",
      "InitialValue": "Null"
    },
    {
      "category": "Define",
      "Name": "AEAFM_facMin2Hr_SC",
      "Description": "Conversion factor for minute to hour",
      "DataType": "single",
      "Min": "0",
      "Max": "100",
      "Unit": "Nounits",
      "Complexity": "real",
      "Dimensions": [
        "1",
        "1"
      ],
      "DimensionsMode": "Null",
      "SampleTime": "Null",
      "SamplingMode": "Null",
      "InitialValue": "Null"
    },
    {
      "category": "Define",
      "Name": "AEAFM_facSec2Hr_SC",
      "Description": "Conversion factor for second to hour",
      "DataType": "single",
      "Min": "0",
      "Max": "5000",
      "Unit": "Nounits",
      "Complexity": "real",
      "Dimensions": [
        "1",
        "1"
      ],
      "DimensionsMode": "Null",
      "SampleTime": "Null",
      "SamplingMode": "Null",
      "InitialValue": "Null"
    },
    {
      "category": "Define",
      "Name": "AEAFM_nrFour_SC",
      "Description": "constant four",
      "DataType": "fixdt(0,8,1.00000000,-0.00000000)",
      "Min": "0",
      "Max": "10",
      "Unit": "NoUnitU8",
      "Complexity": "real",
      "Dimensions": [
        "1",
        "1"
      ],
      "DimensionsMode": "Null",
      "SampleTime": "Null",
      "SamplingMode": "Null",
      "InitialValue": "Null"
    },
    {
      "category": "Define",
      "Name": "AEAFM_nrOne_SC",
      "Description": "constant one",
      "DataType": "boolean",
      "Min": "0",
      "Max": "1",
      "Unit": "OnOff",
      "Complexity": "real",
      "Dimensions": [
        "1",
        "1"
      ],
      "DimensionsMode": "Null",
      "SampleTime": "Null",
      "SamplingMode": "Null",
      "InitialValue": "Null"
    },
    {
      "category": "Define",
      "Name": "AEAFM_nrThree_SC",
      "Description": "constant three",
      "DataType": "fixdt(0,8,1.00000000,-0.00000000)",
      "Min": "0",
      "Max": "10",
      "Unit": "NoUnitU8",
      "Complexity": "real",
      "Dimensions": [
        "1",
        "1"
      ],
      "DimensionsMode": "Null",
      "SampleTime": "Null",
      "SamplingMode": "Null",
      "InitialValue": "Null"
    },
    {
      "category": "Define",
      "Name": "AEAFM_nrTwo_SC",
      "Description": "constant two",
      "DataType": "fixdt(0,8,1.00000000,-0.00000000)",
      "Min": "0",
      "Max": "10",
      "Unit": "NoUnitU8",
      "Complexity": "real",
      "Dimensions": [
        "1",
        "1"
      ],
      "DimensionsMode": "Null",
      "SampleTime": "Null",
      "SamplingMode": "Null",
      "InitialValue": "Null"
    },
    {
      "category": "Define",
      "Name": "AEAFM_nrZero_SC",
      "Description": "constant zero",
      "DataType": "boolean",
      "Min": "0",
      "Max": "1",
      "Unit": "OnOff",
      "Complexity": "real",
      "Dimensions": [
        "1",
        "1"
      ],
      "DimensionsMode": "Null",
      "SampleTime": "Null",
      "SamplingMode": "Null",
      "InitialValue": "Null"
    },
    {
      "category": "Define",
      "Name": "AEAFM_tiSwExec_SC",
      "Description": "Software execution time of the AEAFM component",
      "DataType": "single",
      "Min": "0.001",
      "Max": "1",
      "Unit": "Sec",
      "Complexity": "real",
      "Dimensions": [
        "1",
        "1"
      ],
      "DimensionsMode": "Null",
      "SampleTime": "Null",
      "SamplingMode": "Null",
      "InitialValue": "Null"
    }
  ],
  [
    {
      "category": "Input",
      "Name": "ACOTP_tCACOTK",
      "Description": "CACOT temperature degree (Kevin)",
      "DataType": "single",
      "Min": "223.15",
      "Max": "473.15",
      "Unit": "Kelvin",
      "Complexity": "auto",
      "Dimensions": "-1",
      "DimensionsMode": "auto",
      "SampleTime": "-1",
      "SamplingMode": "auto",
      "InitialValue": ""
    },
    {
      "category": "Input",
      "Name": "AEGRP_posnEGRV",
      "Description": "EGR Valve Position",
      "DataType": "single",
      "Min": "0",
      "Max": "100",
      "Unit": "Perc",
      "Complexity": "auto",
      "Dimensions": "-1",
      "DimensionsMode": "auto",
      "SampleTime": "-1",
      "SamplingMode": "auto",
      "InitialValue": ""
    },
    {
      "category": "Input",
      "Name": "AEMPP_pExhManAbs",
      "Description": "Exhaust Manifold Pressure Absolute",
      "DataType": "single",
      "Min": "-8000",
      "Max": "8000",
      "Unit": "HPA",
      "Complexity": "auto",
      "Dimensions": "-1",
      "DimensionsMode": "auto",
      "SampleTime": "-1",
      "SamplingMode": "auto",
      "InitialValue": ""
    },
    {
      "category": "Input",
      "Name": "AEMTP_tExhManK",
      "Description": "Exhaust Manifold Temperature in Kelvin",
      "DataType": "single",
      "Min": "0",
      "Max": "2273",
      "Unit": "Kelvin",
      "Complexity": "auto",
      "Dimensions": "-1",
      "DimensionsMode": "auto",
      "SampleTime": "-1",
      "SamplingMode": "auto",
      "InitialValue": ""
    },
    {
      "category": "Input",
      "Name": "AEOCP_ratAFRAdap",
      "Description": "AFR derived from the adapted O2 concentrations",
      "DataType": "single",
      "Min": "0",
      "Max": "2200",
      "Unit": "Nounits",
      "Complexity": "auto",
      "Dimensions": "-1",
      "DimensionsMode": "auto",
      "SampleTime": "-1",
      "SamplingMode": "auto",
      "InitialValue": ""
    },
    {
      "category": "Input",
      "Name": "AIMFP_mfMafSignal",
      "Description": "MAF signal output after Rate of Change filtering",
      "DataType": "single",
      "Min": "0",
      "Max": "10000",
      "Unit": "KgPh",
      "Complexity": "auto",
      "Dimensions": "-1",
      "DimensionsMode": "auto",
      "SampleTime": "-1",
      "SamplingMode": "auto",
      "InitialValue": ""
    },
    {
      "category": "Input",
      "Name": "AIMPP_pIntManAbs",
      "Description": "Intake Manifold Pressure Absolute",
      "DataType": "single",
      "Min": "-8000",
      "Max": "8000",
      "Unit": "HPA",
      "Complexity": "auto",
      "Dimensions": "-1",
      "DimensionsMode": "auto",
      "SampleTime": "-1",
      "SamplingMode": "auto",
      "InitialValue": ""
    },
    {
      "category": "Input",
      "Name": "AIMTP_tIntManC",
      "Description": "Intake Manifold Temperature degree (Celsius)",
      "DataType": "single",
      "Min": "-50",
      "Max": "200",
      "Unit": "DegC",
      "Complexity": "auto",
      "Dimensions": "-1",
      "DimensionsMode": "auto",
      "SampleTime": "-1",
      "SamplingMode": "auto",
      "InitialValue": ""
    },
    {
      "category": "Input",
      "Name": "AIMTP_tIntManK",
      "Description": "Intake Manifold Temperature degree (Kelvin)",
      "DataType": "single",
      "Min": "0",
      "Max": "473.15",
      "Unit": "Kelvin",
      "Complexity": "auto",
      "Dimensions": "-1",
      "DimensionsMode": "auto",
      "SampleTime": "-1",
      "SamplingMode": "auto",
      "InitialValue": ""
    },
    {
      "category": "Input",
      "Name": "ECCTP_tEngCoolantC",
      "Description": "Engine Coolant Temperature in C",
      "DataType": "single",
      "Min": "-40",
      "Max": "150",
      "Unit": "DegC",
      "Complexity": "auto",
      "Dimensions": "-1",
      "DimensionsMode": "auto",
      "SampleTime": "-1",
      "SamplingMode": "auto",
      "InitialValue": ""
    },
    {
      "category": "Input",
      "Name": "ESSSC_nEngSpeed",
      "Description": "Engine Speed",
      "DataType": "single",
      "Min": "0",
      "Max": "8000",
      "Unit": "Rpm",
      "Complexity": "auto",
      "Dimensions": "-1",
      "DimensionsMode": "auto",
      "SampleTime": "-1",
      "SamplingMode": "auto",
      "InitialValue": ""
    },
    {
      "category": "Input",
      "Name": "FSICE_mfFuelInjTot",
      "Description": "Fuel system total fuel injection rate into the cylinder including late injection which does not contribute to torque",
      "DataType": "single",
      "Min": "0",
      "Max": "1000",
      "Unit": "KgPh",
      "Complexity": "auto",
      "Dimensions": "-1",
      "DimensionsMode": "auto",
      "SampleTime": "-1",
      "SamplingMode": "auto",
      "InitialValue": ""
    }
  ],
  [
    {
      "category": "Local",
      "Name": "AEAFM_facAirInManLmbdSnsFuelTrst",
      "Description": "Intake Manifold Air mass flow Fuel flow and Lambda sensor model fuel flow trust factor",
      "DataType": "single",
      "Min": "0",
      "Max": "2",
      "Unit": "Nounits",
      "Complexity": "auto",
      "Dimensions": "-1",
      "DimensionsMode": "auto",
      "SampleTime": "-1",
      "SamplingMode": "auto",
      "InitialValue": ""
    },
    {
      "category": "Local",
      "Name": "AEAFM_facAirInManLmbdSnsrLmdaSnsTrst",
      "Description": "Intake Manifold Air mass flow Fuel flow and Lambda sensor model lambda sensor trust factor",
      "DataType": "single",
      "Min": "0",
      "Max": "2",
      "Unit": "Nounits",
      "Complexity": "auto",
      "Dimensions": "-1",
      "DimensionsMode": "auto",
      "SampleTime": "-1",
      "SamplingMode": "auto",
      "InitialValue": ""
    },
    {
      "category": "Local",
      "Name": "AEAFM_facCylVolEffCoolTemp",
      "Description": "Coolant temperature factor of volumetric efficiency volumetric efficiency for cylinder speed density model",
      "DataType": "single",
      "Min": "0",
      "Max": "2",
      "Unit": "Nounits",
      "Complexity": "auto",
      "Dimensions": "-1",
      "DimensionsMode": "auto",
      "SampleTime": "-1",
      "SamplingMode": "auto",
      "InitialValue": ""
    },
    {
      "category": "Local",
      "Name": "AEAFM_facCylVolEffInOutPrsRtio",
      "Description": "Intake to exhaust manifold pressure ratio factor of volumetric efficiency volumetric efficiency for cylinder speed density model",
      "DataType": "single",
      "Min": "0",
      "Max": "2",
      "Unit": "Nounits",
      "Complexity": "auto",
      "Dimensions": "-1",
      "DimensionsMode": "auto",
      "SampleTime": "-1",
      "SamplingMode": "auto",
      "InitialValue": ""
    },
    {
      "category": "Local",
      "Name": "AEAFM_facCylVolEffInPrs",
      "Description": "Intake manifold pressure factor of volumetric efficiency volumetric efficiency for cylinder speed density model",
      "DataType": "single",
      "Min": "0",
      "Max": "2",
      "Unit": "Nounits",
      "Complexity": "auto",
      "Dimensions": "-1",
      "DimensionsMode": "auto",
      "SampleTime": "-1",
      "SamplingMode": "auto",
      "InitialValue": ""
    },
    {
      "category": "Local",
      "Name": "AEAFM_facCylVolEffInTemp",
      "Description": "Intake manifold temperature factor of volumetric efficiency for cylinder speed density model",
      "DataType": "single",
      "Min": "0",
      "Max": "2",
      "Unit": "Nounits",
      "Complexity": "auto",
      "Dimensions": "-1",
      "DimensionsMode": "auto",
      "SampleTime": "-1",
      "SamplingMode": "auto",
      "InitialValue": ""
    },
    {
      "category": "Local",
      "Name": "AEAFM_facEGRVlvPstnOnFlow",
      "Description": "EGR valve position flow model position factor",
      "DataType": "single",
      "Min": "0",
      "Max": "2",
      "Unit": "Nounits",
      "Complexity": "auto",
      "Dimensions": "-1",
      "DimensionsMode": "auto",
      "SampleTime": "-1",
      "SamplingMode": "auto",
      "InitialValue": ""
    },
    {
      "category": "Local",
      "Name": "AEAFM_facFlowMdlTrstCnfg0",
      "Description": "Flow configuration Trust Factor 0     Cylinder Speed Density and Intake Air Sensor and EGR Flow Venturi",
      "DataType": "single",
      "Min": "0",
      "Max": "2",
      "Unit": "Nounits",
      "Complexity": "auto",
      "Dimensions": "-1",
      "DimensionsMode": "auto",
      "SampleTime": "-1",
      "SamplingMode": "auto",
      "InitialValue": ""
    },
    {
      "category": "Local",
      "Name": "AEAFM_facFlowMdlTrstCnfg1",
      "Description": "Flow configuration Trust Factor 1    Cylinder Speed Density and Intake Air Sensor",
      "DataType": "single",
      "Min": "0",
      "Max": "2",
      "Unit": "Nounits",
      "Complexity": "auto",
      "Dimensions": "-1",
      "DimensionsMode": "auto",
      "SampleTime": "-1",
      "SamplingMode": "auto",
      "InitialValue": ""
    },
    {
      "category": "Local",
      "Name": "AEAFM_facFlowMdlTrstCnfg2",
      "Description": "Flow configuration Trust Factor 2    Cylinder Speed Density and Intake Air Via Fuel flow and Lambda Sensor",
      "DataType": "single",
      "Min": "0",
      "Max": "2",
      "Unit": "Nounits",
      "Complexity": "auto",
      "Dimensions": "-1",
      "DimensionsMode": "auto",
      "SampleTime": "-1",
      "SamplingMode": "auto",
      "InitialValue": ""
    },
    {
      "category": "Local",
      "Name": "AEAFM_facFlowMdlTrstCnfg3",
      "Description": "Flow configuration Trust Factor 3    Cylinder Speed Density and EGR Flow Venturi",
      "DataType": "single",
      "Min": "0",
      "Max": "2",
      "Unit": "Nounits",
      "Complexity": "auto",
      "Dimensions": "-1",
      "DimensionsMode": "auto",
      "SampleTime": "-1",
      "SamplingMode": "auto",
      "InitialValue": ""
    },
    {
      "category": "Local",
      "Name": "AEAFM_facFlowMdlTrstCnfg4",
      "Description": "Flow configuration Trust Factor 4    Cylinder Speed Density and EGR Valve Delta Pressure",
      "DataType": "single",
      "Min": "0",
      "Max": "2",
      "Unit": "Nounits",
      "Complexity": "auto",
      "Dimensions": "-1",
      "DimensionsMode": "auto",
      "SampleTime": "-1",
      "SamplingMode": "auto",
      "InitialValue": ""
    },
    {
      "category": "Local",
      "Name": "AEAFM_facFlwMdlCnfgSlew",
      "Description": "Flow Calculation Configuration State slew factor",
      "DataType": "single",
      "Min": "0",
      "Max": "2",
      "Unit": "Nounits",
      "Complexity": "auto",
      "Dimensions": "-1",
      "DimensionsMode": "auto",
      "SampleTime": "-1",
      "SamplingMode": "auto",
      "InitialValue": ""
    },
    {
      "category": "Local",
      "Name": "AEAFM_flgCylSpdDnstyTrnsntDtctn",
      "Description": "Flag indicating transient detection of Intake manifold cylinder speed density mass flow",
      "DataType": "boolean",
      "Min": "0",
      "Max": "1",
      "Unit": "OnOff",
      "Complexity": "auto",
      "Dimensions": "-1",
      "DimensionsMode": "auto",
      "SampleTime": "-1",
      "SamplingMode": "auto",
      "InitialValue": ""
    },
    {
      "category": "Local",
      "Name": "AEAFM_flgFlwMdlCnfgTransActv",
      "Description": "Flow Calculation Configuration State transition is occuring",
      "DataType": "boolean",
      "Min": "0",
      "Max": "1",
      "Unit": "OnOff",
      "Complexity": "auto",
      "Dimensions": "-1",
      "DimensionsMode": "auto",
      "SampleTime": "-1",
      "SamplingMode": "auto",
      "InitialValue": ""
    },
    {
      "category": "Local",
      "Name": "AEAFM_flgFuelTrnsntDtctn",
      "Description": "Flag indicating transient detection of fuel mass flow",
      "DataType": "boolean",
      "Min": "0",
      "Max": "1",
      "Unit": "OnOff",
      "Complexity": "auto",
      "Dimensions": "-1",
      "DimensionsMode": "auto",
      "SampleTime": "-1",
      "SamplingMode": "auto",
      "InitialValue": ""
    },
    {
      "category": "Local",
      "Name": "AEAFM_flgInManAirTrnsntDtctn",
      "Description": "Flag indicating transient detection of Intake manifold air mass flow",
      "DataType": "boolean",
      "Min": "0",
      "Max": "1",
      "Unit": "OnOff",
      "Complexity": "auto",
      "Dimensions": "-1",
      "DimensionsMode": "auto",
      "SampleTime": "-1",
      "SamplingMode": "auto",
      "InitialValue": ""
    },
    {
      "category": "Local",
      "Name": "AEAFM_flgTrnsntDtctnTrg",
      "Description": "Transient detection trigger",
      "DataType": "boolean",
      "Min": "0",
      "Max": "1",
      "Unit": "OnOff",
      "Complexity": "auto",
      "Dimensions": "-1",
      "DimensionsMode": "auto",
      "SampleTime": "-1",
      "SamplingMode": "auto",
      "InitialValue": ""
    },
    {
      "category": "Local",
      "Name": "AEAFM_mfAirCmprsr2InManDlt",
      "Description": "Delta Intake air relative to the intake mass airflow sensor calculated by compressibility",
      "DataType": "single",
      "Min": "-10000",
      "Max": "10000",
      "Unit": "KgPh",
      "Complexity": "auto",
      "Dimensions": "-1",
      "DimensionsMode": "auto",
      "SampleTime": "-1",
      "SamplingMode": "auto",
      "InitialValue": ""
    },
    {
      "category": "Local",
      "Name": "AEAFM_mfAirCmprsrIn",
      "Description": "Intake air flow at the Compressor inlet",
      "DataType": "single",
      "Min": "-10000",
      "Max": "10000",
      "Unit": "KgPh",
      "Complexity": "auto",
      "Dimensions": "-1",
      "DimensionsMode": "auto",
      "SampleTime": "-1",
      "SamplingMode": "auto",
      "InitialValue": ""
    },
    {
      "category": "Local",
      "Name": "AEAFM_mfAirInManSnsrFlt",
      "Description": "Filtered value of Intake Manifold Air Flow Sensor used to determine transient condition",
      "DataType": "single",
      "Min": "-10000",
      "Max": "10000",
      "Unit": "KgPh",
      "Complexity": "auto",
      "Dimensions": "-1",
      "DimensionsMode": "auto",
      "SampleTime": "-1",
      "SamplingMode": "auto",
      "InitialValue": ""
    },
    {
      "category": "Local",
      "Name": "AEAFM_mfCylSpdDnstyDrvtv",
      "Description": "Derivative of the cylinder speed density intake manifold mass flow rate    It is used for transient detection",
      "DataType": "single",
      "Min": "-10000",
      "Max": "10000",
      "Unit": "KgPh",
      "Complexity": "auto",
      "Dimensions": "-1",
      "DimensionsMode": "auto",
      "SampleTime": "-1",
      "SamplingMode": "auto",
      "InitialValue": ""
    },
    {
      "category": "Local",
      "Name": "AEAFM_mfCylSpdDnstyFlt",
      "Description": "Filtered value of Cylinder Speed Density Flow used to determine transient condition",
      "DataType": "single",
      "Min": "-10000",
      "Max": "10000",
      "Unit": "KgPh",
      "Complexity": "auto",
      "Dimensions": "-1",
      "DimensionsMode": "auto",
      "SampleTime": "-1",
      "SamplingMode": "auto",
      "InitialValue": ""
    },
    {
      "category": "Local",
      "Name": "AEAFM_mfFuelDrvtv",
      "Description": "Derivative of the fuel mass flow rate used for transient detection",
      "DataType": "single",
      "Min": "-10000",
      "Max": "10000",
      "Unit": "KgPh",
      "Complexity": "auto",
      "Dimensions": "-1",
      "DimensionsMode": "auto",
      "SampleTime": "-1",
      "SamplingMode": "auto",
      "InitialValue": ""
    },
    {
      "category": "Local",
      "Name": "AEAFM_mfFuelInjTotFlt",
      "Description": "Filtered value of Fuel Flow used to determine transient condition",
      "DataType": "single",
      "Min": "-10000",
      "Max": "10000",
      "Unit": "KgPh",
      "Complexity": "auto",
      "Dimensions": "-1",
      "DimensionsMode": "auto",
      "SampleTime": "-1",
      "SamplingMode": "auto",
      "InitialValue": ""
    },
    {
      "category": "Local",
      "Name": "AEAFM_mfFuelTrnsntDtctnThrs",
      "Description": "Fuel flow transient detection threshold",
      "DataType": "single",
      "Min": "0",
      "Max": "500000",
      "Unit": "KgPh",
      "Complexity": "auto",
      "Dimensions": "-1",
      "DimensionsMode": "auto",
      "SampleTime": "-1",
      "SamplingMode": "auto",
      "InitialValue": ""
    },
    {
      "category": "Local",
      "Name": "AEAFM_mfInManAirDrvtv",
      "Description": "Derivative of the intake manifold air mass flow rate    It is used for transient detection",
      "DataType": "single",
      "Min": "-10000",
      "Max": "10000",
      "Unit": "KgPh",
      "Complexity": "auto",
      "Dimensions": "-1",
      "DimensionsMode": "auto",
      "SampleTime": "-1",
      "SamplingMode": "auto",
      "InitialValue": ""
    },
    {
      "category": "Local",
      "Name": "AEAFM_pEGRDlt",
      "Description": "Delta pressure of the exhaust to the intake manifold used to determine the maximum EGR volumetric flow",
      "DataType": "single",
      "Min": "-10000",
      "Max": "10000",
      "Unit": "HPA",
      "Complexity": "auto",
      "Dimensions": "-1",
      "DimensionsMode": "auto",
      "SampleTime": "-1",
      "SamplingMode": "auto",
      "InitialValue": ""
    },
    {
      "category": "Local",
      "Name": "AEAFM_pInManAirCmprsbltyDrvtv",
      "Description": "Derivative of the intake manifold pressure determined by filtering the linear regression of the intake manifold pressure sensor measurement",
      "DataType": "single",
      "Min": "-500000",
      "Max": "500000",
      "Unit": "Pa",
      "Complexity": "auto",
      "Dimensions": "-1",
      "DimensionsMode": "auto",
      "SampleTime": "-1",
      "SamplingMode": "auto",
      "InitialValue": ""
    },
    {
      "category": "Local",
      "Name": "AEAFM_ratEGRVlvPrssr",
      "Description": "EGR valve pressure ratio",
      "DataType": "single",
      "Min": "0",
      "Max": "2",
      "Unit": "Nounits",
      "Complexity": "auto",
      "Dimensions": "-1",
      "DimensionsMode": "auto",
      "SampleTime": "-1",
      "SamplingMode": "auto",
      "InitialValue": ""
    },
    {
      "category": "Local",
      "Name": "AEAFM_ratIn2OutManPrs",
      "Description": "Ratio of inlet to outlet manifold pressure",
      "DataType": "single",
      "Min": "0",
      "Max": "10",
      "Unit": "Nounits",
      "Complexity": "auto",
      "Dimensions": "-1",
      "DimensionsMode": "auto",
      "SampleTime": "-1",
      "SamplingMode": "auto",
      "InitialValue": ""
    },
    {
      "category": "Local",
      "Name": "AEAFM_stFlwMdlCnfgCur",
      "Description": "Flow model current configuration state",
      "DataType": "fixdt(0,8,1.00000000,-0.00000000)",
      "Min": "0",
      "Max": "15",
      "Unit": "NoUnitU8",
      "Complexity": "auto",
      "Dimensions": "-1",
      "DimensionsMode": "auto",
      "SampleTime": "-1",
      "SamplingMode": "auto",
      "InitialValue": ""
    },
    {
      "category": "Local",
      "Name": "AEAFM_stFlwMdlCnfgDes",
      "Description": "Flow model desired configuration state",
      "DataType": "fixdt(0,8,1.00000000,-0.00000000)",
      "Min": "0",
      "Max": "15",
      "Unit": "NoUnitU8",
      "Complexity": "auto",
      "Dimensions": "-1",
      "DimensionsMode": "auto",
      "SampleTime": "-1",
      "SamplingMode": "auto",
      "InitialValue": ""
    },
    {
      "category": "Local",
      "Name": "AEAFM_stFlwMdlCnfgPrev",
      "Description": "Previous Flow Calculation Configuration State which is held during the transition",
      "DataType": "fixdt(0,8,1.00000000,-0.00000000)",
      "Min": "0",
      "Max": "15",
      "Unit": "NoUnitU8",
      "Complexity": "auto",
      "Dimensions": "-1",
      "DimensionsMode": "auto",
      "SampleTime": "-1",
      "SamplingMode": "auto",
      "InitialValue": ""
    },
    {
      "category": "Local",
      "Name": "AEAFM_tiFlwMdlCnfgTrans",
      "Description": "Flow Calculation Configuration State timer",
      "DataType": "single",
      "Min": "0",
      "Max": "10",
      "Unit": "Sec",
      "Complexity": "auto",
      "Dimensions": "-1",
      "DimensionsMode": "auto",
      "SampleTime": "-1",
      "SamplingMode": "auto",
      "InitialValue": ""
    },
    {
      "category": "Local",
      "Name": "AEAFM_vfCylSpdDnsty",
      "Description": "Intake Manifold flow cylinder speed density model",
      "DataType": "single",
      "Min": "0",
      "Max": "50000000",
      "Unit": "LitersPerHour",
      "Complexity": "auto",
      "Dimensions": "-1",
      "DimensionsMode": "auto",
      "SampleTime": "-1",
      "SamplingMode": "auto",
      "InitialValue": ""
    },
    {
      "category": "Local",
      "Name": "AEAFM_vfEGRVlvPstn",
      "Description": "EGR volumetric flow which is defined as a function of Maximum EGR volumetric flow and EGR valve position",
      "DataType": "single",
      "Min": "0",
      "Max": "50000000",
      "Unit": "LitersPerHour",
      "Complexity": "auto",
      "Dimensions": "-1",
      "DimensionsMode": "auto",
      "SampleTime": "-1",
      "SamplingMode": "auto",
      "InitialValue": ""
    },
    {
      "category": "Local",
      "Name": "AEAFM_vfEGRVlvPstnMax",
      "Description": "Maximum EGR volumetric flow which is defined as a function of intake to exhaust manifold pressure",
      "DataType": "single",
      "Min": "0",
      "Max": "50000000",
      "Unit": "LitersPerHour",
      "Complexity": "auto",
      "Dimensions": "-1",
      "DimensionsMode": "auto",
      "SampleTime": "-1",
      "SamplingMode": "auto",
      "InitialValue": ""
    }
  ],
  [
    {
      "category": "Map",
      "Name": "AEAFM_facCylVolEffCoolTemp_M",
      "Description": "Coolant temperature factor for volumetric efficiency look up table",
      "DataType": "single",
      "Min": "0",
      "Max": "2",
      "Unit": "Nounits",
      "Complexity": "real",
      "Dimensions": [
        "16",
        "16"
      ],
      "DimensionsMode": "Null",
      "SampleTime": "Null",
      "SamplingMode": "Null",
      "InitialValue": "Null"
    },
    {
      "category": "Map",
      "Name": "AEAFM_facCylVolEffInOutPrsRtio_M",
      "Description": "Intake to exhaust manifold pressure ratio factor for volumetric efficiency look up table",
      "DataType": "single",
      "Min": "0",
      "Max": "2",
      "Unit": "Nounits",
      "Complexity": "real",
      "Dimensions": [
        "16",
        "16"
      ],
      "DimensionsMode": "Null",
      "SampleTime": "Null",
      "SamplingMode": "Null",
      "InitialValue": "Null"
    },
    {
      "category": "Map",
      "Name": "AEAFM_facCylVolEffInPrs_M",
      "Description": "Intake manifold pressure factor for volumetric efficiency look up table",
      "DataType": "single",
      "Min": "0",
      "Max": "2",
      "Unit": "Nounits",
      "Complexity": "real",
      "Dimensions": [
        "16",
        "16"
      ],
      "DimensionsMode": "Null",
      "SampleTime": "Null",
      "SamplingMode": "Null",
      "InitialValue": "Null"
    },
    {
      "category": "Map",
      "Name": "AEAFM_facCylVolEffInTemp_M",
      "Description": "Intake manifold temperature factor for volumetric efficiency look up table",
      "DataType": "single",
      "Min": "0",
      "Max": "2",
      "Unit": "Nounits",
      "Complexity": "real",
      "Dimensions": [
        "16",
        "16"
      ],
      "DimensionsMode": "Null",
      "SampleTime": "Null",
      "SamplingMode": "Null",
      "InitialValue": "Null"
    },
    {
      "category": "Map",
      "Name": "AEAFM_vfEGRVlvPstnPrssrRat_M",
      "Description": "EGR valve position volumetric flow model based on EGR in/out pressure ratio and valve position",
      "DataType": "single",
      "Min": "0",
      "Max": "5000",
      "Unit": "LitersPerHour",
      "Complexity": "real",
      "Dimensions": [
        "11",
        "16"
      ],
      "DimensionsMode": "Null",
      "SampleTime": "Null",
      "SamplingMode": "Null",
      "InitialValue": "Null"
    }
  ],
  [
    {
      "category": "Output",
      "Name": "AEAFM_facAirInManLmbdSnsrTrst",
      "Description": "Intake Manifold Air mass flow Fuel flow and Lambda sensor model trust factor",
      "DataType": "single",
      "Min": "0",
      "Max": "2",
      "Unit": "Nounits",
      "Complexity": "auto",
      "Dimensions": "-1",
      "DimensionsMode": "auto",
      "SampleTime": "-1",
      "SamplingMode": "auto",
      "InitialValue": ""
    },
    {
      "category": "Output",
      "Name": "AEAFM_facAirInManSnsrTrst",
      "Description": "Intake Manifold Air mass flow intake air sensor model trust factor",
      "DataType": "single",
      "Min": "0",
      "Max": "2",
      "Unit": "Nounits",
      "Complexity": "auto",
      "Dimensions": "-1",
      "DimensionsMode": "auto",
      "SampleTime": "-1",
      "SamplingMode": "auto",
      "InitialValue": ""
    },
    {
      "category": "Output",
      "Name": "AEAFM_facCylSpdDnstyTrst",
      "Description": "Intake Manifold cylinder speed density mass flow model trust factor",
      "DataType": "single",
      "Min": "0",
      "Max": "2",
      "Unit": "Nounits",
      "Complexity": "auto",
      "Dimensions": "-1",
      "DimensionsMode": "auto",
      "SampleTime": "-1",
      "SamplingMode": "auto",
      "InitialValue": ""
    },
    {
      "category": "Output",
      "Name": "AEAFM_facCylVolEff",
      "Description": "Final volumetric efficiency for cylinder speed density model",
      "DataType": "single",
      "Min": "0",
      "Max": "2",
      "Unit": "Nounits",
      "Complexity": "auto",
      "Dimensions": "-1",
      "DimensionsMode": "auto",
      "SampleTime": "-1",
      "SamplingMode": "auto",
      "InitialValue": ""
    },
    {
      "category": "Output",
      "Name": "AEAFM_facEGRVlvPstnTrst",
      "Description": "EGR valve position mass flow model trust factor",
      "DataType": "single",
      "Min": "0",
      "Max": "2",
      "Unit": "Nounits",
      "Complexity": "auto",
      "Dimensions": "-1",
      "DimensionsMode": "auto",
      "SampleTime": "-1",
      "SamplingMode": "auto",
      "InitialValue": ""
    },
    {
      "category": "Output",
      "Name": "AEAFM_flgModeEn",
      "Description": "AEAFM Model Enablement",
      "DataType": "boolean",
      "Min": "0",
      "Max": "1",
      "Unit": "OnOff",
      "Complexity": "auto",
      "Dimensions": "-1",
      "DimensionsMode": "auto",
      "SampleTime": "-1",
      "SamplingMode": "auto",
      "InitialValue": ""
    },
    {
      "category": "Output",
      "Name": "AEAFM_flgTrnsntDtctn",
      "Description": "Flag indicating transient detection due to change mass flow rate",
      "DataType": "boolean",
      "Min": "0",
      "Max": "1",
      "Unit": "OnOff",
      "Complexity": "auto",
      "Dimensions": "-1",
      "DimensionsMode": "auto",
      "SampleTime": "-1",
      "SamplingMode": "auto",
      "InitialValue": ""
    },
    {
      "category": "Output",
      "Name": "AEAFM_mfAirInManLmbdSnsr",
      "Description": "The intake manifold air flow based on the NOx sensor AFR measurement and cylinder fuel flow",
      "DataType": "single",
      "Min": "-10000",
      "Max": "10000",
      "Unit": "KgPh",
      "Complexity": "auto",
      "Dimensions": "-1",
      "DimensionsMode": "auto",
      "SampleTime": "-1",
      "SamplingMode": "auto",
      "InitialValue": ""
    },
    {
      "category": "Output",
      "Name": "AEAFM_mfAirInManSnsr",
      "Description": "Final value of the intake manifold air flow based on the intake mass airflow sensor with compressibility factor applied",
      "DataType": "single",
      "Min": "-10000",
      "Max": "10000",
      "Unit": "KgPh",
      "Complexity": "auto",
      "Dimensions": "-1",
      "DimensionsMode": "auto",
      "SampleTime": "-1",
      "SamplingMode": "auto",
      "InitialValue": ""
    },
    {
      "category": "Output",
      "Name": "AEAFM_mfCylSpdDnsty",
      "Description": "Cylinder speed density model mass flow",
      "DataType": "single",
      "Min": "0",
      "Max": "50000",
      "Unit": "KgPh",
      "Complexity": "auto",
      "Dimensions": "-1",
      "DimensionsMode": "auto",
      "SampleTime": "-1",
      "SamplingMode": "auto",
      "InitialValue": ""
    },
    {
      "category": "Output",
      "Name": "AEAFM_mfEGR",
      "Description": "Final EGR mass flow",
      "DataType": "single",
      "Min": "-1000",
      "Max": "5000",
      "Unit": "KgPh",
      "Complexity": "auto",
      "Dimensions": "-1",
      "DimensionsMode": "auto",
      "SampleTime": "-1",
      "SamplingMode": "auto",
      "InitialValue": ""
    },
    {
      "category": "Output",
      "Name": "AEAFM_mfEGRVlvPstn",
      "Description": "EGR mass flow which is defined as a function of Maximum EGR volumetric flow and EGR valve position",
      "DataType": "single",
      "Min": "0",
      "Max": "5000",
      "Unit": "KgPh",
      "Complexity": "auto",
      "Dimensions": "-1",
      "DimensionsMode": "auto",
      "SampleTime": "-1",
      "SamplingMode": "auto",
      "InitialValue": ""
    },
    {
      "category": "Output",
      "Name": "AEAFM_mfEngExh",
      "Description": "Engine Exhaust Mass Flow Rate",
      "DataType": "single",
      "Min": "-1000",
      "Max": "5000",
      "Unit": "KgPh",
      "Complexity": "auto",
      "Dimensions": "-1",
      "DimensionsMode": "auto",
      "SampleTime": "-1",
      "SamplingMode": "auto",
      "InitialValue": ""
    },
    {
      "category": "Output",
      "Name": "AEAFM_mfExMan",
      "Description": "Final exhaust manifold mass flow",
      "DataType": "single",
      "Min": "-1000",
      "Max": "5000",
      "Unit": "KgPh",
      "Complexity": "auto",
      "Dimensions": "-1",
      "DimensionsMode": "auto",
      "SampleTime": "-1",
      "SamplingMode": "auto",
      "InitialValue": ""
    },
    {
      "category": "Output",
      "Name": "AEAFM_mfExhTrbn",
      "Description": "Final exhaust turbine mass flow",
      "DataType": "single",
      "Min": "-1000",
      "Max": "5000",
      "Unit": "KgPh",
      "Complexity": "auto",
      "Dimensions": "-1",
      "DimensionsMode": "auto",
      "SampleTime": "-1",
      "SamplingMode": "auto",
      "InitialValue": ""
    },
    {
      "category": "Output",
      "Name": "AEAFM_mfInAir",
      "Description": "Final Intake Air Mass Flow Rate",
      "DataType": "single",
      "Min": "-1000",
      "Max": "5000",
      "Unit": "KgPh",
      "Complexity": "auto",
      "Dimensions": "-1",
      "DimensionsMode": "auto",
      "SampleTime": "-1",
      "SamplingMode": "auto",
      "InitialValue": ""
    },
    {
      "category": "Output",
      "Name": "AEAFM_mfInMan",
      "Description": "Final intake manifold mass flow",
      "DataType": "single",
      "Min": "-1000",
      "Max": "5000",
      "Unit": "KgPh",
      "Complexity": "auto",
      "Dimensions": "-1",
      "DimensionsMode": "auto",
      "SampleTime": "-1",
      "SamplingMode": "auto",
      "InitialValue": ""
    },
    {
      "category": "Output",
      "Name": "AEAFM_mfInManAir",
      "Description": "Final intake manifold air mass flow",
      "DataType": "single",
      "Min": "-1000",
      "Max": "5000",
      "Unit": "KgPh",
      "Complexity": "auto",
      "Dimensions": "-1",
      "DimensionsMode": "auto",
      "SampleTime": "-1",
      "SamplingMode": "auto",
      "InitialValue": ""
    },
    {
      "category": "Output",
      "Name": "AEAFM_ratEGR",
      "Description": "Final EGR rate",
      "DataType": "single",
      "Min": "0",
      "Max": "2",
      "Unit": "Nounits",
      "Complexity": "auto",
      "Dimensions": "-1",
      "DimensionsMode": "auto",
      "SampleTime": "-1",
      "SamplingMode": "auto",
      "InitialValue": ""
    }
  ]
]